INFO buildroot.py:704:  Mock Version: 6.8
DEBUG file_util.py:17:  ensuring that dir exists: /var/lib/mock/alma+epel-8-x86_64/root
DEBUG file_util.py:20:  created dir: /var/lib/mock/alma+epel-8-x86_64/root
DEBUG file_util.py:17:  ensuring that dir exists: /var/lib/mock/alma+epel-8-x86_64-bootstrap
DEBUG file_util.py:17:  ensuring that dir exists: /var/lib/mock/alma+epel-8-x86_64-bootstrap
DEBUG file_util.py:17:  ensuring that dir exists: /var/lib/mock/alma+epel-8-x86_64-bootstrap/root
DEBUG file_util.py:17:  ensuring that dir exists: /var/lib/mock/alma+epel-8-x86_64-bootstrap/results
INFO buildroot.py:321:  calling preinit hooks
DEBUG file_util.py:17:  ensuring that dir exists: /var/cache/mock/alma+epel-8-x86_64-bootstrap/root_cache/
DEBUG file_util.py:17:  ensuring that dir exists: /var/cache/mock/alma+epel-8-x86_64-bootstrap/yum_cache
DEBUG file_util.py:17:  ensuring that dir exists: /var/cache/mock/alma+epel-8-x86_64-bootstrap/dnf_cache
DEBUG buildroot.py:760:  create skeleton dirs
DEBUG file_util.py:17:  ensuring that dir exists: /var/lib/mock/alma+epel-8-x86_64-bootstrap/root/var/lib/rpm
DEBUG file_util.py:17:  ensuring that dir exists: /var/lib/mock/alma+epel-8-x86_64-bootstrap/root/var/lib/yum
DEBUG file_util.py:17:  ensuring that dir exists: /var/lib/mock/alma+epel-8-x86_64-bootstrap/root/var/lib/dbus
DEBUG file_util.py:17:  ensuring that dir exists: /var/lib/mock/alma+epel-8-x86_64-bootstrap/root/var/log
DEBUG file_util.py:17:  ensuring that dir exists: /var/lib/mock/alma+epel-8-x86_64-bootstrap/root/var/cache/dnf
DEBUG file_util.py:17:  ensuring that dir exists: /var/lib/mock/alma+epel-8-x86_64-bootstrap/root/var/cache/yum
DEBUG file_util.py:17:  ensuring that dir exists: /var/lib/mock/alma+epel-8-x86_64-bootstrap/root/etc/rpm
DEBUG file_util.py:17:  ensuring that dir exists: /var/lib/mock/alma+epel-8-x86_64-bootstrap/root/tmp
DEBUG file_util.py:17:  ensuring that dir exists: /var/lib/mock/alma+epel-8-x86_64-bootstrap/root/tmp/ccache
DEBUG file_util.py:17:  ensuring that dir exists: /var/lib/mock/alma+epel-8-x86_64-bootstrap/root/var/tmp
DEBUG file_util.py:17:  ensuring that dir exists: /var/lib/mock/alma+epel-8-x86_64-bootstrap/root/etc/dnf
DEBUG file_util.py:17:  ensuring that dir exists: /var/lib/mock/alma+epel-8-x86_64-bootstrap/root/etc/dnf/vars
DEBUG file_util.py:17:  ensuring that dir exists: /var/lib/mock/alma+epel-8-x86_64-bootstrap/root/etc/yum.repos.d
DEBUG file_util.py:20:  created dir: /var/lib/mock/alma+epel-8-x86_64-bootstrap/root/etc/yum.repos.d
DEBUG file_util.py:17:  ensuring that dir exists: /var/lib/mock/alma+epel-8-x86_64-bootstrap/root/etc/yum
DEBUG file_util.py:17:  ensuring that dir exists: /var/lib/mock/alma+epel-8-x86_64-bootstrap/root/proc
DEBUG file_util.py:17:  ensuring that dir exists: /var/lib/mock/alma+epel-8-x86_64-bootstrap/root/sys
DEBUG file_util.py:17:  ensuring that dir exists: /var/lib/mock/alma+epel-8-x86_64-bootstrap/root/run/lock
DEBUG file_util.py:17:  ensuring that dir exists: /var/lib/mock/alma+epel-8-x86_64-bootstrap/root/dev/pts
DEBUG file_util.py:17:  ensuring that dir exists: /var/lib/mock/alma+epel-8-x86_64-bootstrap/root/dev/shm
DEBUG file_util.py:17:  ensuring that dir exists: /var/lib/mock/alma+epel-8-x86_64-bootstrap/root/dev/mapper
DEBUG file_util.py:20:  created dir: /var/lib/mock/alma+epel-8-x86_64-bootstrap/root/dev/mapper
DEBUG buildroot.py:904:  kernel version == 4.18.0-553.169.1.el8_10.x86_64
DEBUG file_util.py:29:  touching file: /var/lib/mock/alma+epel-8-x86_64-bootstrap/root/etc/fstab
DEBUG file_util.py:29:  touching file: /var/lib/mock/alma+epel-8-x86_64-bootstrap/root/etc/yum/yum.conf
DEBUG file_util.py:29:  touching file: /var/lib/mock/alma+epel-8-x86_64-bootstrap/root/etc/dnf/dnf.conf
DEBUG file_util.py:29:  touching file: /var/lib/mock/alma+epel-8-x86_64-bootstrap/root/var/log/yum.log
DEBUG buildroot.py:335:  rootdir = /var/lib/mock/alma+epel-8-x86_64-bootstrap/root
DEBUG buildroot.py:336:  resultdir = /var/lib/mock/alma+epel-8-x86_64-bootstrap/results
DEBUG package_manager.py:64:  searching for 'dnf4' package manager or alternatives
INFO buildroot.py:184:  Package manager dnf4 detected and used (fallback)
DEBUG file_util.py:17:  ensuring that dir exists: /var/lib/mock/alma+epel-8-x86_64-bootstrap/root/etc/pki/mock
DEBUG package_manager.py:406:  copying CA trust dir into chroot: /etc/pki/ca-trust => /etc/pki/ca-trust
DEBUG file_util.py:191:  Updating files in /var/lib/mock/alma+epel-8-x86_64-bootstrap/root/etc/pki/ca-trust with files from /etc/pki/ca-trust
DEBUG file_util.py:17:  ensuring that dir exists: /var/lib/mock/alma+epel-8-x86_64-bootstrap/root/etc/pki/ca-trust
DEBUG file_util.py:17:  ensuring that dir exists: /var/lib/mock/alma+epel-8-x86_64-bootstrap/root/etc/pki/ca-trust/./extracted
DEBUG file_util.py:17:  ensuring that dir exists: /var/lib/mock/alma+epel-8-x86_64-bootstrap/root/etc/pki/ca-trust/./source
DEBUG file_util.py:17:  ensuring that dir exists: /var/lib/mock/alma+epel-8-x86_64-bootstrap/root/etc/pki/ca-trust/extracted/edk2
DEBUG file_util.py:17:  ensuring that dir exists: /var/lib/mock/alma+epel-8-x86_64-bootstrap/root/etc/pki/ca-trust/extracted/java
DEBUG file_util.py:17:  ensuring that dir exists: /var/lib/mock/alma+epel-8-x86_64-bootstrap/root/etc/pki/ca-trust/extracted/openssl
DEBUG file_util.py:17:  ensuring that dir exists: /var/lib/mock/alma+epel-8-x86_64-bootstrap/root/etc/pki/ca-trust/extracted/pem
DEBUG file_util.py:17:  ensuring that dir exists: /var/lib/mock/alma+epel-8-x86_64-bootstrap/root/etc/pki/ca-trust/source/anchors
DEBUG file_util.py:17:  ensuring that dir exists: /var/lib/mock/alma+epel-8-x86_64-bootstrap/root/etc/pki/ca-trust/source/blacklist
DEBUG package_manager.py:406:  copying CA trust dir into chroot: /usr/share/pki/ca-trust-source => /usr/share/pki/ca-trust-source
DEBUG file_util.py:191:  Updating files in /var/lib/mock/alma+epel-8-x86_64-bootstrap/root/usr/share/pki/ca-trust-source with files from /usr/share/pki/ca-trust-source
DEBUG file_util.py:17:  ensuring that dir exists: /var/lib/mock/alma+epel-8-x86_64-bootstrap/root/usr/share/pki/ca-trust-source
DEBUG file_util.py:17:  ensuring that dir exists: /var/lib/mock/alma+epel-8-x86_64-bootstrap/root/usr/share/pki/ca-trust-source/./anchors
DEBUG file_util.py:17:  ensuring that dir exists: /var/lib/mock/alma+epel-8-x86_64-bootstrap/root/usr/share/pki/ca-trust-source/./blacklist
DEBUG file_util.py:17:  ensuring that dir exists: /var/lib/mock/alma+epel-8-x86_64-bootstrap/root/usr/share
DEBUG package_manager.py:390:  Copying /usr/share/distribution-gpg-keys to the bootstrap chroot
DEBUG util.py:717:  child environment: None
DEBUG util.py:636:  Executing command: ['cp', '-a', '/usr/share/distribution-gpg-keys', '/var/lib/mock/alma+epel-8-x86_64-bootstrap/root/usr/share'] with env {'TERM': 'vt100', 'SHELL': '/bin/sh', 'HOME': '/builddir', 'HOSTNAME': 'mock', 'PATH': '/usr/bin:/bin:/usr/sbin:/sbin', 'LANG': 'C.UTF-8'} and shell False
DEBUG util.py:688:  Child return code was: 0
DEBUG file_util.py:17:  ensuring that dir exists: /var/lib/mock/alma+epel-8-x86_64-bootstrap/root/etc/dnf
DEBUG package_manager.py:693:  configure DNF vars
DEBUG file_util.py:17:  ensuring that dir exists: /var/lib/mock/alma+epel-8-x86_64-bootstrap/root/var/cache/yum
DEBUG util.py:717:  child environment: None
DEBUG util.py:636:  Executing command: ['/bin/mount', '-n', '-o', 'bind', '/var/cache/mock/alma+epel-8-x86_64-bootstrap/yum_cache', '/var/lib/mock/alma+epel-8-x86_64-bootstrap/root/var/cache/yum'] with env {'TERM': 'vt100', 'SHELL': '/bin/sh', 'HOME': '/builddir', 'HOSTNAME': 'mock', 'PATH': '/usr/bin:/bin:/usr/sbin:/sbin', 'LANG': 'C.UTF-8'} and shell False
DEBUG util.py:688:  Child return code was: 0
DEBUG file_util.py:17:  ensuring that dir exists: /var/lib/mock/alma+epel-8-x86_64-bootstrap/root/var/cache/dnf
DEBUG util.py:717:  child environment: None
DEBUG util.py:636:  Executing command: ['/bin/mount', '-n', '-o', 'bind', '/var/cache/mock/alma+epel-8-x86_64-bootstrap/dnf_cache', '/var/lib/mock/alma+epel-8-x86_64-bootstrap/root/var/cache/dnf'] with env {'TERM': 'vt100', 'SHELL': '/bin/sh', 'HOME': '/builddir', 'HOSTNAME': 'mock', 'PATH': '/usr/bin:/bin:/usr/sbin:/sbin', 'LANG': 'C.UTF-8'} and shell False
DEBUG util.py:688:  Child return code was: 0
DEBUG file_util.py:17:  ensuring that dir exists: /var/lib/mock/alma+epel-8-x86_64-bootstrap/root/root/mock-localrepo
DEBUG util.py:717:  child environment: None
DEBUG util.py:636:  Executing command: ['/bin/mount', '-n', '-o', 'bind', '/root/mock-localrepo', '/var/lib/mock/alma+epel-8-x86_64-bootstrap/root/root/mock-localrepo'] with env {'TERM': 'vt100', 'SHELL': '/bin/sh', 'HOME': '/builddir', 'HOSTNAME': 'mock', 'PATH': '/usr/bin:/bin:/usr/sbin:/sbin', 'LANG': 'C.UTF-8'} and shell False
DEBUG util.py:688:  Child return code was: 0
DEBUG file_util.py:17:  ensuring that dir exists: /var/lib/mock/alma+epel-8-x86_64-bootstrap/root/etc
DEBUG file_util.py:17:  ensuring that dir exists: /var/lib/mock/alma+epel-8-x86_64-bootstrap/root/etc
DEBUG buildroot.py:39:  method _cleanup_homedir skipped in bootstrap
DEBUG buildroot.py:39:  method _setup_build_dirs skipped in bootstrap
DEBUG buildroot.py:39:  method _make_users skipped in bootstrap
DEBUG file_util.py:29:  touching file: /var/lib/mock/alma+epel-8-x86_64-bootstrap/root/.initialized
DEBUG file_util.py:17:  ensuring that dir exists: /var/lib/mock/alma+epel-8-x86_64
DEBUG file_util.py:17:  ensuring that dir exists: /var/lib/mock/alma+epel-8-x86_64/root
DEBUG file_util.py:17:  ensuring that dir exists: /var/lib/mock/alma+epel-8-x86_64/result
INFO buildroot.py:321:  calling preinit hooks
DEBUG file_util.py:17:  ensuring that dir exists: /var/cache/mock/alma+epel-8-x86_64/root_cache/
DEBUG file_util.py:17:  ensuring that dir exists: /var/lib/mock/alma+epel-8-x86_64/root
DEBUG util.py:717:  child environment: None
DEBUG util.py:636:  Executing command: ['/bin/tar', '--use-compress-program', 'pigz', '-xf', '/var/cache/mock/alma+epel-8-x86_64/root_cache/cache.tar.gz', '-C', '/var/lib/mock/alma+epel-8-x86_64/root'] with env {'TERM': 'vt100', 'SHELL': '/bin/sh', 'HOME': '/builddir', 'HOSTNAME': 'mock', 'PATH': '/usr/bin:/bin:/usr/sbin:/sbin', 'LANG': 'C.UTF-8'} and shell False
DEBUG util.py:688:  Child return code was: 0
DEBUG file_util.py:17:  ensuring that dir exists: /var/lib/mock/alma+epel-8-x86_64/root/./proc
DEBUG file_util.py:20:  created dir: /var/lib/mock/alma+epel-8-x86_64/root/./proc
DEBUG file_util.py:17:  ensuring that dir exists: /var/lib/mock/alma+epel-8-x86_64/root/./sys
DEBUG file_util.py:20:  created dir: /var/lib/mock/alma+epel-8-x86_64/root/./sys
DEBUG file_util.py:17:  ensuring that dir exists: /var/lib/mock/alma+epel-8-x86_64/root/./dev
DEBUG file_util.py:20:  created dir: /var/lib/mock/alma+epel-8-x86_64/root/./dev
DEBUG file_util.py:17:  ensuring that dir exists: /var/lib/mock/alma+epel-8-x86_64/root/./tmp/ccache
DEBUG file_util.py:20:  created dir: /var/lib/mock/alma+epel-8-x86_64/root/./tmp/ccache
DEBUG file_util.py:17:  ensuring that dir exists: /var/lib/mock/alma+epel-8-x86_64/root/./var/cache/yum
DEBUG file_util.py:20:  created dir: /var/lib/mock/alma+epel-8-x86_64/root/./var/cache/yum
DEBUG file_util.py:17:  ensuring that dir exists: /var/lib/mock/alma+epel-8-x86_64/root/./var/cache/dnf
DEBUG file_util.py:20:  created dir: /var/lib/mock/alma+epel-8-x86_64/root/./var/cache/dnf
DEBUG file_util.py:17:  ensuring that dir exists: /var/lib/mock/alma+epel-8-x86_64/root/./var/log
DEBUG file_util.py:20:  created dir: /var/lib/mock/alma+epel-8-x86_64/root/./var/log
DEBUG file_util.py:17:  ensuring that dir exists: /var/cache/mock/alma+epel-8-x86_64/yum_cache
DEBUG file_util.py:17:  ensuring that dir exists: /var/cache/mock/alma+epel-8-x86_64/dnf_cache
DEBUG util.py:717:  child environment: None
DEBUG util.py:636:  Executing command: ['/usr/bin/lscpu'] with env {'TERM': 'vt100', 'SHELL': '/bin/sh', 'HOME': '/builddir', 'HOSTNAME': 'mock', 'PATH': '/usr/bin:/bin:/usr/sbin:/sbin', 'LANG': 'C.UTF-8'} and shell False
DEBUG util.py:537:  Architecture:        x86_64
DEBUG util.py:537:  CPU op-mode(s):      32-bit, 64-bit
DEBUG util.py:537:  Byte Order:          Little Endian
DEBUG util.py:537:  CPU(s):              4
DEBUG util.py:537:  On-line CPU(s) list: 0-3
DEBUG util.py:537:  Thread(s) per core:  1
DEBUG util.py:537:  Core(s) per socket:  1
DEBUG util.py:537:  Socket(s):           4
DEBUG util.py:537:  NUMA node(s):        1
DEBUG util.py:537:  Vendor ID:           GenuineIntel
DEBUG util.py:537:  BIOS Vendor ID:      QEMU
DEBUG util.py:537:  CPU family:          6
DEBUG util.py:537:  Model:               190
DEBUG util.py:537:  Model name:          Intel(R) N150
DEBUG util.py:537:  BIOS Model name:     pc-q35-8.2
DEBUG util.py:537:  Stepping:            0
DEBUG util.py:537:  CPU MHz:             806.400
DEBUG util.py:537:  BogoMIPS:            1612.80
DEBUG util.py:537:  Hypervisor vendor:   KVM
DEBUG util.py:537:  Virtualization type: full
DEBUG util.py:537:  L1d cache:           32K
DEBUG util.py:537:  L1i cache:           32K
DEBUG util.py:537:  L2 cache:            4096K
DEBUG util.py:537:  L3 cache:            16384K
DEBUG util.py:537:  NUMA node0 CPU(s):   0-3
DEBUG util.py:537:  Flags:               fpu vme de pse tsc msr pae mce cx8 apic sep mtrr pge mca cmov pat pse36 clflush mmx fxsr sse sse2 ss syscall nx pdpe1gb rdtscp lm constant_tsc arch_perfmon rep_good nopl xtopology cpuid tsc_known_freq pni pclmulqdq ssse3 fma cx16 pdcm sse4_1 sse4_2 x2apic movbe popcnt tsc_deadline_timer aes xsave avx f16c rdrand hypervisor lahf_lm abm 3dnowprefetch cpuid_fault ssbd ibrs ibpb stibp ibrs_enhanced fsgsbase tsc_adjust bmi1 avx2 smep bmi2 erms invpcid rdseed adx smap clflushopt clwb sha_ni xsaveopt xsavec xgetbv1 xsaves avx_vnni arat umip pku ospke waitpkg gfni vaes vpclmulqdq rdpid movdiri movdir64b fsrm md_clear serialize flush_l1d arch_capabilities
DEBUG util.py:688:  Child return code was: 0
DEBUG util.py:717:  child environment: None
DEBUG util.py:636:  Executing command: ['/bin/free', '--human'] with env {'TERM': 'vt100', 'SHELL': '/bin/sh', 'HOME': '/builddir', 'HOSTNAME': 'mock', 'PATH': '/usr/bin:/bin:/usr/sbin:/sbin', 'LANG': 'C.UTF-8'} and shell False
DEBUG util.py:537:                total        used        free      shared  buff/cache   available
DEBUG util.py:537:  Mem:          3.6Gi       513Mi       278Mi        37Mi       2.8Gi       2.8Gi
DEBUG util.py:537:  Swap:         4.0Gi       292Mi       3.7Gi
DEBUG util.py:688:  Child return code was: 0
DEBUG util.py:717:  child environment: None
DEBUG util.py:636:  Executing command: ['/bin/df', '-H', '-T', '/var/lib/mock/alma+epel-8-x86_64/root', '/var/cache/mock'] with env {'TERM': 'vt100', 'SHELL': '/bin/sh', 'HOME': '/builddir', 'HOSTNAME': 'mock', 'PATH': '/usr/bin:/bin:/usr/sbin:/sbin', 'LANG': 'C.UTF-8'} and shell False
DEBUG util.py:537:  Filesystem     Type  Size  Used Avail Use% Mounted on
DEBUG util.py:537:  /dev/vda3      xfs    49G   23G   27G  46% /
DEBUG util.py:537:  /dev/vda3      xfs    49G   23G   27G  46% /
DEBUG util.py:688:  Child return code was: 0
DEBUG buildroot.py:760:  create skeleton dirs
DEBUG file_util.py:17:  ensuring that dir exists: /var/lib/mock/alma+epel-8-x86_64/root/var/lib/rpm
DEBUG file_util.py:17:  ensuring that dir exists: /var/lib/mock/alma+epel-8-x86_64/root/var/lib/yum
DEBUG file_util.py:17:  ensuring that dir exists: /var/lib/mock/alma+epel-8-x86_64/root/var/lib/dbus
DEBUG file_util.py:17:  ensuring that dir exists: /var/lib/mock/alma+epel-8-x86_64/root/var/log
DEBUG file_util.py:17:  ensuring that dir exists: /var/lib/mock/alma+epel-8-x86_64/root/var/cache/dnf
DEBUG file_util.py:17:  ensuring that dir exists: /var/lib/mock/alma+epel-8-x86_64/root/var/cache/yum
DEBUG file_util.py:17:  ensuring that dir exists: /var/lib/mock/alma+epel-8-x86_64/root/etc/rpm
DEBUG file_util.py:17:  ensuring that dir exists: /var/lib/mock/alma+epel-8-x86_64/root/tmp
DEBUG file_util.py:17:  ensuring that dir exists: /var/lib/mock/alma+epel-8-x86_64/root/tmp/ccache
DEBUG file_util.py:17:  ensuring that dir exists: /var/lib/mock/alma+epel-8-x86_64/root/var/tmp
DEBUG file_util.py:17:  ensuring that dir exists: /var/lib/mock/alma+epel-8-x86_64/root/etc/dnf
DEBUG file_util.py:17:  ensuring that dir exists: /var/lib/mock/alma+epel-8-x86_64/root/etc/dnf/vars
DEBUG file_util.py:17:  ensuring that dir exists: /var/lib/mock/alma+epel-8-x86_64/root/etc/yum.repos.d
DEBUG file_util.py:17:  ensuring that dir exists: /var/lib/mock/alma+epel-8-x86_64/root/etc/yum
DEBUG file_util.py:17:  ensuring that dir exists: /var/lib/mock/alma+epel-8-x86_64/root/proc
DEBUG file_util.py:17:  ensuring that dir exists: /var/lib/mock/alma+epel-8-x86_64/root/sys
DEBUG file_util.py:17:  ensuring that dir exists: /var/lib/mock/alma+epel-8-x86_64/root/run/lock
DEBUG file_util.py:17:  ensuring that dir exists: /var/lib/mock/alma+epel-8-x86_64/root/dev/pts
DEBUG file_util.py:20:  created dir: /var/lib/mock/alma+epel-8-x86_64/root/dev/pts
DEBUG file_util.py:17:  ensuring that dir exists: /var/lib/mock/alma+epel-8-x86_64/root/dev/shm
DEBUG file_util.py:20:  created dir: /var/lib/mock/alma+epel-8-x86_64/root/dev/shm
DEBUG file_util.py:17:  ensuring that dir exists: /var/lib/mock/alma+epel-8-x86_64/root/dev/mapper
DEBUG file_util.py:20:  created dir: /var/lib/mock/alma+epel-8-x86_64/root/dev/mapper
DEBUG buildroot.py:904:  kernel version == 4.18.0-553.169.1.el8_10.x86_64
DEBUG file_util.py:29:  touching file: /var/lib/mock/alma+epel-8-x86_64/root/etc/fstab
DEBUG file_util.py:29:  touching file: /var/lib/mock/alma+epel-8-x86_64/root/etc/yum/yum.conf
DEBUG file_util.py:29:  touching file: /var/lib/mock/alma+epel-8-x86_64/root/etc/dnf/dnf.conf
DEBUG file_util.py:29:  touching file: /var/lib/mock/alma+epel-8-x86_64/root/var/log/yum.log
DEBUG buildroot.py:335:  rootdir = /var/lib/mock/alma+epel-8-x86_64/root
DEBUG buildroot.py:336:  resultdir = /var/lib/mock/alma+epel-8-x86_64/result
INFO buildroot.py:184:  Package manager dnf4 detected and used (direct choice)
DEBUG file_util.py:17:  ensuring that dir exists: /var/lib/mock/alma+epel-8-x86_64/root/etc/pki/mock
DEBUG package_manager.py:406:  copying CA trust dir into chroot: /etc/pki/ca-trust => /etc/pki/ca-trust
DEBUG file_util.py:191:  Updating files in /var/lib/mock/alma+epel-8-x86_64/root/etc/pki/ca-trust with files from /etc/pki/ca-trust
DEBUG file_util.py:17:  ensuring that dir exists: /var/lib/mock/alma+epel-8-x86_64/root/etc/pki/ca-trust
DEBUG file_util.py:17:  ensuring that dir exists: /var/lib/mock/alma+epel-8-x86_64/root/etc/pki/ca-trust/./extracted
DEBUG file_util.py:17:  ensuring that dir exists: /var/lib/mock/alma+epel-8-x86_64/root/etc/pki/ca-trust/./source
DEBUG file_util.py:17:  ensuring that dir exists: /var/lib/mock/alma+epel-8-x86_64/root/etc/pki/ca-trust/extracted/edk2
DEBUG file_util.py:17:  ensuring that dir exists: /var/lib/mock/alma+epel-8-x86_64/root/etc/pki/ca-trust/extracted/java
DEBUG file_util.py:17:  ensuring that dir exists: /var/lib/mock/alma+epel-8-x86_64/root/etc/pki/ca-trust/extracted/openssl
DEBUG file_util.py:17:  ensuring that dir exists: /var/lib/mock/alma+epel-8-x86_64/root/etc/pki/ca-trust/extracted/pem
DEBUG file_util.py:17:  ensuring that dir exists: /var/lib/mock/alma+epel-8-x86_64/root/etc/pki/ca-trust/source/anchors
DEBUG file_util.py:17:  ensuring that dir exists: /var/lib/mock/alma+epel-8-x86_64/root/etc/pki/ca-trust/source/blacklist
DEBUG package_manager.py:406:  copying CA trust dir into chroot: /usr/share/pki/ca-trust-source => /usr/share/pki/ca-trust-source
DEBUG file_util.py:191:  Updating files in /var/lib/mock/alma+epel-8-x86_64/root/usr/share/pki/ca-trust-source with files from /usr/share/pki/ca-trust-source
DEBUG file_util.py:17:  ensuring that dir exists: /var/lib/mock/alma+epel-8-x86_64/root/usr/share/pki/ca-trust-source
DEBUG file_util.py:17:  ensuring that dir exists: /var/lib/mock/alma+epel-8-x86_64/root/usr/share/pki/ca-trust-source/./anchors
DEBUG file_util.py:17:  ensuring that dir exists: /var/lib/mock/alma+epel-8-x86_64/root/usr/share/pki/ca-trust-source/./blacklist
DEBUG file_util.py:17:  ensuring that dir exists: /var/lib/mock/alma+epel-8-x86_64/root/etc/dnf
DEBUG package_manager.py:693:  configure DNF vars
DEBUG file_util.py:17:  ensuring that dir exists: /var/lib/mock/alma+epel-8-x86_64/root/var/cache/yum
DEBUG util.py:717:  child environment: None
DEBUG util.py:636:  Executing command: ['/bin/mount', '-n', '-o', 'bind', '/var/cache/mock/alma+epel-8-x86_64/yum_cache', '/var/lib/mock/alma+epel-8-x86_64/root/var/cache/yum'] with env {'TERM': 'vt100', 'SHELL': '/bin/sh', 'HOME': '/builddir', 'HOSTNAME': 'mock', 'PATH': '/usr/bin:/bin:/usr/sbin:/sbin', 'LANG': 'C.UTF-8'} and shell False
DEBUG util.py:688:  Child return code was: 0
DEBUG file_util.py:17:  ensuring that dir exists: /var/lib/mock/alma+epel-8-x86_64/root/var/cache/dnf
DEBUG util.py:717:  child environment: None
DEBUG util.py:636:  Executing command: ['/bin/mount', '-n', '-o', 'bind', '/var/cache/mock/alma+epel-8-x86_64/dnf_cache', '/var/lib/mock/alma+epel-8-x86_64/root/var/cache/dnf'] with env {'TERM': 'vt100', 'SHELL': '/bin/sh', 'HOME': '/builddir', 'HOSTNAME': 'mock', 'PATH': '/usr/bin:/bin:/usr/sbin:/sbin', 'LANG': 'C.UTF-8'} and shell False
DEBUG util.py:688:  Child return code was: 0
DEBUG file_util.py:29:  touching file: /var/lib/mock/alma+epel-8-x86_64/root/etc/resolv.conf
DEBUG util.py:717:  child environment: None
DEBUG util.py:631:  Using nspawn with args None
DEBUG util.py:636:  Executing command: ['/usr/bin/systemd-nspawn', '-q', '-M', '439aa8df4f2d404f850a0b3b483bf9dc', '-D', '/var/lib/mock/alma+epel-8-x86_64-bootstrap/root', '-a', '--setenv=TERM=vt100', '--setenv=SHELL=/bin/sh', '--setenv=HOME=/builddir', '--setenv=HOSTNAME=mock', '--setenv=PATH=/usr/bin:/bin:/usr/sbin:/sbin', '--setenv=LANG=C.UTF-8', 'rpm', '-q', 'rpm', 'rpm-sequoia', 'python3-dnf', 'python3-dnf-plugins-core', 'yum', 'yum-utils', 'dnf5', 'dnf5-plugins'] with env {'TERM': 'vt100', 'SHELL': '/bin/sh', 'HOME': '/builddir', 'HOSTNAME': 'mock', 'PATH': '/usr/bin:/bin:/usr/sbin:/sbin', 'LANG': 'C.UTF-8', 'SYSTEMD_NSPAWN_TMPFS_TMP': '0', 'SYSTEMD_SECCOMP': '0'} and shell False
DEBUG util.py:537:  rpm-4.14.3-32.el8_10.x86_64
DEBUG util.py:537:  package rpm-sequoia is not installed
DEBUG util.py:537:  python3-dnf-4.7.0-21.el8_10.alma.1.noarch
DEBUG util.py:537:  python3-dnf-plugins-core-4.0.21-25.el8.noarch
DEBUG util.py:537:  yum-4.7.0-21.el8_10.alma.1.noarch
DEBUG util.py:537:  package yum-utils is not installed
DEBUG util.py:537:  package dnf5 is not installed
DEBUG util.py:537:  package dnf5-plugins is not installed
DEBUG util.py:688:  Child return code was: 4
INFO package_manager.py:202:  Buildroot is handled by package management downloaded with a bootstrap image:
  rpm-4.14.3-32.el8_10.x86_64
  python3-dnf-4.7.0-21.el8_10.alma.1.noarch
  python3-dnf-plugins-core-4.0.21-25.el8.noarch
  yum-4.7.0-21.el8_10.alma.1.noarch
DEBUG file_util.py:17:  ensuring that dir exists: /var/lib/mock/alma+epel-8-x86_64-bootstrap/root/var/lib/mock/alma+epel-8-x86_64/root
DEBUG util.py:717:  child environment: None
DEBUG util.py:636:  Executing command: ['/bin/mount', '-n', '-t', 'tmpfs', '-o', 'private,mode=0755', 'tmpfs', '/var/lib/mock/alma+epel-8-x86_64-bootstrap/root/var/lib/mock/alma+epel-8-x86_64/root'] with env {'TERM': 'vt100', 'SHELL': '/bin/sh', 'HOME': '/builddir', 'HOSTNAME': 'mock', 'PATH': '/usr/bin:/bin:/usr/sbin:/sbin', 'LANG': 'C.UTF-8'} and shell False
DEBUG util.py:688:  Child return code was: 0
DEBUG file_util.py:17:  ensuring that dir exists: /var/lib/mock/alma+epel-8-x86_64-bootstrap/root/var/lib/mock/alma+epel-8-x86_64/root
DEBUG util.py:717:  child environment: None
DEBUG util.py:636:  Executing command: ['/bin/mount', '-n', '-o', 'rbind', '/var/lib/mock/alma+epel-8-x86_64/root', '/var/lib/mock/alma+epel-8-x86_64-bootstrap/root/var/lib/mock/alma+epel-8-x86_64/root'] with env {'TERM': 'vt100', 'SHELL': '/bin/sh', 'HOME': '/builddir', 'HOSTNAME': 'mock', 'PATH': '/usr/bin:/bin:/usr/sbin:/sbin', 'LANG': 'C.UTF-8'} and shell False
DEBUG util.py:688:  Child return code was: 0
DEBUG util.py:717:  child environment: None
DEBUG util.py:636:  Executing command: ['/bin/mount', '-n', '-o', 'remount,private,rbind', '--target', '/var/lib/mock/alma+epel-8-x86_64-bootstrap/root/var/lib/mock/alma+epel-8-x86_64/root'] with env {'TERM': 'vt100', 'SHELL': '/bin/sh', 'HOME': '/builddir', 'HOSTNAME': 'mock', 'PATH': '/usr/bin:/bin:/usr/sbin:/sbin', 'LANG': 'C.UTF-8'} and shell False
DEBUG util.py:688:  Child return code was: 0
DEBUG buildroot.py:723:  removing 3 rpm db files
DEBUG buildroot.py:728:  nuke_rpm_db: removing /var/lib/mock/alma+epel-8-x86_64-bootstrap/root/var/lib/rpm/__db.001
DEBUG buildroot.py:728:  nuke_rpm_db: removing /var/lib/mock/alma+epel-8-x86_64-bootstrap/root/var/lib/rpm/__db.002
DEBUG buildroot.py:728:  nuke_rpm_db: removing /var/lib/mock/alma+epel-8-x86_64-bootstrap/root/var/lib/rpm/__db.003
DEBUG util.py:717:  child environment: None
DEBUG util.py:631:  Using nspawn with args ['--capability=cap_ipc_lock', '--resolv-conf=off']
DEBUG util.py:636:  Executing command: ['/usr/bin/systemd-nspawn', '-q', '-M', '42fe99abaae140df842e242f89c890a9', '-D', '/var/lib/mock/alma+epel-8-x86_64-bootstrap/root', '-a', '--capability=cap_ipc_lock', '--resolv-conf=off', '--setenv=TERM=vt100', '--setenv=SHELL=/bin/bash', '--setenv=HOME=/builddir', '--setenv=HOSTNAME=mock', '--setenv=PATH=/usr/bin:/bin:/usr/sbin:/sbin', '--setenv=PROMPT_COMMAND=printf "\\033]0;<mock-chroot>\\007"', '--setenv=PS1=<mock-chroot> \\s-\\v\\$ ', '--setenv=LANG=C.UTF-8', '/bin/rpm', '-qa', '--root', '/var/lib/mock/alma+epel-8-x86_64/root'] with env {'TERM': 'vt100', 'SHELL': '/bin/bash', 'HOME': '/builddir', 'HOSTNAME': 'mock', 'PATH': '/usr/bin:/bin:/usr/sbin:/sbin', 'PROMPT_COMMAND': 'printf "\\033]0;<mock-chroot>\\007"', 'PS1': '<mock-chroot> \\s-\\v\\$ ', 'LANG': 'C.UTF-8', 'SYSTEMD_NSPAWN_TMPFS_TMP': '0', 'SYSTEMD_SECCOMP': '0'} and shell False
DEBUG util.py:537:  gpg-pubkey-ced7258b-6525146f
DEBUG util.py:537:  libgcc-8.5.0-28.el8_10.alma.1.x86_64
DEBUG util.py:537:  crypto-policies-20230731-1.git3177e06.el8.noarch
DEBUG util.py:537:  python3-setuptools-wheel-39.2.0-9.el8_10.noarch
DEBUG util.py:537:  almalinux-release-8.10-1.el8.x86_64
DEBUG util.py:537:  filesystem-3.8-6.el8.x86_64
DEBUG util.py:537:  python3-rpm-macros-3-45.el8.noarch
DEBUG util.py:537:  ansible-srpm-macros-1-12.el8.noarch
DEBUG util.py:537:  qt5-srpm-macros-5.15.3-1.el8.noarch
DEBUG util.py:537:  openblas-srpm-macros-2-2.el8.noarch
DEBUG util.py:537:  go-srpm-macros-2-17.el8.noarch
DEBUG util.py:537:  tzdata-2026c-1.el8_10.noarch
DEBUG util.py:537:  pkgconf-m4-1.4.2-1.el8.noarch
DEBUG util.py:537:  pcre2-10.32-3.el8_6.x86_64
DEBUG util.py:537:  glibc-all-langpacks-2.28-251.el8_10.40.x86_64
DEBUG util.py:537:  glibc-gconv-extra-2.28-251.el8_10.40.x86_64
DEBUG util.py:537:  glibc-2.28-251.el8_10.40.x86_64
DEBUG util.py:537:  libsepol-2.9-3.el8.x86_64
DEBUG util.py:537:  info-6.5-7.el8.x86_64
DEBUG util.py:537:  xz-libs-5.2.4-4.el8_6.x86_64
DEBUG util.py:537:  libacl-2.4.0-1.el8_10.x86_64
DEBUG util.py:537:  libxcrypt-4.1.1-6.el8.x86_64
DEBUG util.py:537:  elfutils-libelf-0.190-2.el8.alma.1.x86_64
DEBUG util.py:537:  readline-7.0-10.el8.x86_64
DEBUG util.py:537:  libcap-2.48-6.el8_10.1.x86_64
DEBUG util.py:537:  sed-4.5-5.el8_10.x86_64
DEBUG util.py:537:  libuuid-2.32.1-48.el8_10.x86_64
DEBUG util.py:537:  libunistring-0.9.9-3.el8.x86_64
DEBUG util.py:537:  libgpg-error-1.31-1.el8.x86_64
DEBUG util.py:537:  p11-kit-0.23.22-2.el8.x86_64
DEBUG util.py:537:  libmpc-1.1.0-9.1.el8.x86_64
DEBUG util.py:537:  libattr-2.6.0-1.el8_10.x86_64
DEBUG util.py:537:  libgcrypt-1.8.5-8.el8_10.x86_64
DEBUG util.py:537:  findutils-4.6.0-24.el8_10.x86_64
DEBUG util.py:537:  elfutils-libs-0.190-2.el8.alma.1.x86_64
DEBUG util.py:537:  gdbm-libs-1.18-2.el8.x86_64
DEBUG util.py:537:  libcap-ng-0.7.11-1.el8.x86_64
DEBUG util.py:537:  libtasn1-4.13-6.el8_10.x86_64
DEBUG util.py:537:  lz4-libs-1.8.3-5.el8_10.x86_64
DEBUG util.py:537:  grep-3.1-6.el8.x86_64
DEBUG util.py:537:  libsemanage-2.9-12.el8_10.x86_64
DEBUG util.py:537:  elfutils-0.190-2.el8.alma.1.x86_64
DEBUG util.py:537:  patch-2.7.6-11.el8.x86_64
DEBUG util.py:537:  libpsl-0.20.2-6.el8.x86_64
DEBUG util.py:537:  libksba-1.3.5-9.el8_7.x86_64
DEBUG util.py:537:  libstdc++-devel-8.5.0-28.el8_10.alma.1.x86_64
DEBUG util.py:537:  tar-1.30-13.el8_10.x86_64
DEBUG util.py:537:  gnutls-3.6.16-8.el8_10.6.x86_64
DEBUG util.py:537:  libxml2-2.9.7-21.el8_10.9.x86_64
DEBUG util.py:537:  coreutils-common-8.30-21.el8_10.x86_64
DEBUG util.py:537:  libgomp-8.5.0-28.el8_10.alma.1.x86_64
DEBUG util.py:537:  cpio-2.12-11.el8.x86_64
DEBUG util.py:537:  libpkgconf-1.4.2-1.el8.x86_64
DEBUG util.py:537:  pkgconf-pkg-config-1.4.2-1.el8.x86_64
DEBUG util.py:537:  gawk-4.2.1-4.el8.x86_64
DEBUG util.py:537:  libtool-ltdl-2.4.6-25.el8.x86_64
DEBUG util.py:537:  ncurses-6.1-10.20180224.el8.x86_64
DEBUG util.py:537:  coreutils-8.30-21.el8_10.x86_64
DEBUG util.py:537:  libdb-5.3.28-42.el8_4.x86_64
DEBUG util.py:537:  libtirpc-1.1.4-12.el8_10.x86_64
DEBUG util.py:537:  libmount-2.32.1-48.el8_10.x86_64
DEBUG util.py:537:  libnsl2-1.2.0-2.20180605git4a062cf.el8.x86_64
DEBUG util.py:537:  platform-python-3.6.8-78.el8_10.alma.1.x86_64
DEBUG util.py:537:  binutils-2.30-128.el8_10.x86_64
DEBUG util.py:537:  cracklib-2.9.6-15.el8.x86_64
DEBUG util.py:537:  shadow-utils-4.6-23.el8_10.x86_64
DEBUG util.py:537:  tpm2-tss-2.3.2-6.el8.x86_64
DEBUG util.py:537:  libpwquality-1.4.4-6.el8.x86_64
DEBUG util.py:537:  libusbx-1.0.30-1.el8_10.x86_64
DEBUG util.py:537:  libbabeltrace-1.5.4-4.el8.x86_64
DEBUG util.py:537:  cyrus-sasl-lib-2.1.27-6.el8_5.x86_64
DEBUG util.py:537:  libdb-utils-5.3.28-42.el8_4.x86_64
DEBUG util.py:537:  npth-1.5-4.el8.x86_64
DEBUG util.py:537:  libatomic_ops-7.6.2-3.el8.x86_64
DEBUG util.py:537:  guile-2.0.14-7.el8.x86_64
DEBUG util.py:537:  libssh-config-0.9.6-17.el8_10.noarch
DEBUG util.py:537:  libcurl-7.61.1-34.el8_10.13.x86_64
DEBUG util.py:537:  rpm-libs-4.14.3-32.el8_10.x86_64
DEBUG util.py:537:  efi-srpm-macros-3-3.el8.noarch
DEBUG util.py:537:  rpm-build-libs-4.14.3-32.el8_10.x86_64
DEBUG util.py:537:  kernel-headers-4.18.0-553.169.1.el8_10.x86_64
DEBUG util.py:537:  glibc-devel-2.28-251.el8_10.40.x86_64
DEBUG util.py:537:  gcc-8.5.0-28.el8_10.alma.1.x86_64
DEBUG util.py:537:  gcc-plugin-annobin-8.5.0-28.el8_10.alma.1.x86_64
DEBUG util.py:537:  rpm-build-4.14.3-32.el8_10.x86_64
DEBUG util.py:537:  epel-rpm-macros-8-43.noarch
DEBUG util.py:537:  which-2.21-21.el8_10.x86_64
DEBUG util.py:537:  gpg-pubkey-3abb34f8-5ffd890e
DEBUG util.py:537:  gpg-pubkey-2f86d6a1-5cf7cefb
DEBUG util.py:537:  python-srpm-macros-3-45.el8.noarch
DEBUG util.py:537:  python-rpm-macros-3-45.el8.noarch
DEBUG util.py:537:  python3-pip-wheel-9.0.3-24.el8.noarch
DEBUG util.py:537:  setup-2.12.2-9.el8.noarch
DEBUG util.py:537:  basesystem-11-5.el8.noarch
DEBUG util.py:537:  fpc-srpm-macros-1.3-1.el8.noarch
DEBUG util.py:537:  rust-srpm-macros-5-2.el8.noarch
DEBUG util.py:537:  perl-srpm-macros-1-25.el8.noarch
DEBUG util.py:537:  ocaml-srpm-macros-5-4.el8.noarch
DEBUG util.py:537:  ghc-srpm-macros-1.4.2-7.el8.noarch
DEBUG util.py:537:  publicsuffix-list-dafsa-20180723-1.el8.noarch
DEBUG util.py:537:  ncurses-base-6.1-10.20180224.el8.noarch
DEBUG util.py:537:  libselinux-2.9-11.el8_10.x86_64
DEBUG util.py:537:  ncurses-libs-6.1-10.20180224.el8.x86_64
DEBUG util.py:537:  glibc-common-2.28-251.el8_10.40.x86_64
DEBUG util.py:537:  bash-4.4.20-6.el8_10.x86_64
DEBUG util.py:537:  zlib-1.2.11-25.el8.x86_64
DEBUG util.py:537:  bzip2-libs-1.0.6-28.el8_10.x86_64
DEBUG util.py:537:  gmp-6.1.2-11.el8.x86_64
DEBUG util.py:537:  libstdc++-8.5.0-28.el8_10.alma.1.x86_64
DEBUG util.py:537:  libzstd-1.4.4-1.el8.x86_64
DEBUG util.py:537:  mpfr-3.1.6-1.el8.x86_64
DEBUG util.py:537:  sqlite-libs-3.26.0-21.el8_10.x86_64
DEBUG util.py:537:  popt-1.18-1.el8.x86_64
DEBUG util.py:537:  libcom_err-1.45.6-7.el8_10.x86_64
DEBUG util.py:537:  chkconfig-1.19.2-1.el8.x86_64
DEBUG util.py:537:  libffi-3.1-24.el8.x86_64
DEBUG util.py:537:  lua-libs-5.3.4-12.el8.x86_64
DEBUG util.py:537:  libidn2-2.2.0-1.el8.x86_64
DEBUG util.py:537:  file-libs-5.33-27.el8_10.x86_64
DEBUG util.py:537:  file-5.33-27.el8_10.x86_64
DEBUG util.py:537:  unzip-6.0-48.el8_10.x86_64
DEBUG util.py:537:  elfutils-default-yama-scope-0.190-2.el8.alma.1.noarch
DEBUG util.py:537:  expat-2.5.0-4.el8_10.x86_64
DEBUG util.py:537:  keyutils-libs-1.5.10-9.el8.x86_64
DEBUG util.py:537:  audit-libs-3.1.2-1.el8_10.1.x86_64
DEBUG util.py:537:  p11-kit-trust-0.23.22-2.el8.x86_64
DEBUG util.py:537:  pcre-8.42-6.el8.x86_64
DEBUG util.py:537:  xz-5.2.4-4.el8_6.x86_64
DEBUG util.py:537:  gdbm-1.18-2.el8.x86_64
DEBUG util.py:537:  zip-3.0-23.el8.x86_64
DEBUG util.py:537:  cpp-8.5.0-28.el8_10.alma.1.x86_64
DEBUG util.py:537:  libassuan-2.5.1-3.el8.x86_64
DEBUG util.py:537:  dwz-0.12-10.el8.x86_64
DEBUG util.py:537:  zstd-1.4.4-1.el8.x86_64
DEBUG util.py:537:  nettle-3.4.1-7.el8.x86_64
DEBUG util.py:537:  isl-0.16.1-6.el8.x86_64
DEBUG util.py:537:  bzip2-1.0.6-28.el8_10.x86_64
DEBUG util.py:537:  diffutils-3.6-6.el8.x86_64
DEBUG util.py:537:  brotli-1.0.6-4.el8_10.x86_64
DEBUG util.py:537:  libnghttp2-1.33.0-6.el8_10.3.x86_64
DEBUG util.py:537:  pkgconf-1.4.2-1.el8.x86_64
DEBUG util.py:537:  libsigsegv-2.11-5.el8.x86_64
DEBUG util.py:537:  libsmartcols-2.32.1-48.el8_10.x86_64
DEBUG util.py:537:  libverto-0.3.2-2.el8.x86_64
DEBUG util.py:537:  openssl-libs-1.1.1k-17.el8_6.x86_64
DEBUG util.py:537:  ca-certificates-2025.2.80_v9.0.304-80.2.el8_10.noarch
DEBUG util.py:537:  krb5-libs-1.18.2-34.el8_10.x86_64
DEBUG util.py:537:  libblkid-2.32.1-48.el8_10.x86_64
DEBUG util.py:537:  systemd-libs-239-82.el8_10.19.x86_64
DEBUG util.py:537:  platform-python-setuptools-39.2.0-9.el8_10.noarch
DEBUG util.py:537:  python3-libs-3.6.8-78.el8_10.alma.1.x86_64
DEBUG util.py:537:  gzip-1.9-15.el8_10.x86_64
DEBUG util.py:537:  cracklib-dicts-2.9.6-15.el8.x86_64
DEBUG util.py:537:  libutempter-1.1.6-14.el8.x86_64
DEBUG util.py:537:  ima-evm-utils-1.3.2-12.el8.x86_64
DEBUG util.py:537:  pam-1.3.1-40.el8_10.x86_64
DEBUG util.py:537:  glib2-2.56.4-178.el8_10.x86_64
DEBUG util.py:537:  libfdisk-2.32.1-48.el8_10.x86_64
DEBUG util.py:537:  openldap-2.4.46-21.el8_10.x86_64
DEBUG util.py:537:  libarchive-3.3.3-7.el8_10.x86_64
DEBUG util.py:537:  gnupg2-2.2.20-4.el8_10.x86_64
DEBUG util.py:537:  gc-7.6.4-3.el8.x86_64
DEBUG util.py:537:  libipt-1.6.1-8.el8.x86_64
DEBUG util.py:537:  libssh-0.9.6-17.el8_10.x86_64
DEBUG util.py:537:  curl-7.61.1-34.el8_10.13.x86_64
DEBUG util.py:537:  rpm-4.14.3-32.el8_10.x86_64
DEBUG util.py:537:  lua-srpm-macros-1-13.el8.noarch
DEBUG util.py:537:  gdb-headless-8.2-20.el8.x86_64
DEBUG util.py:537:  glibc-headers-2.28-251.el8_10.40.x86_64
DEBUG util.py:537:  libxcrypt-devel-4.1.1-6.el8.x86_64
DEBUG util.py:537:  annobin-13.27-1.el8_10.x86_64
DEBUG util.py:537:  redhat-rpm-config-131-1.el8.alma.noarch
DEBUG util.py:537:  gcc-c++-8.5.0-28.el8_10.alma.1.x86_64
DEBUG util.py:537:  util-linux-2.32.1-48.el8_10.x86_64
DEBUG util.py:537:  make-4.2.1-11.el8.x86_64
DEBUG util.py:688:  Child return code was: 0
DEBUG util.py:200:  kill orphans in chroot /var/lib/mock/alma+epel-8-x86_64/root
DEBUG util.py:200:  kill orphans in chroot /var/lib/mock/alma+epel-8-x86_64-bootstrap/root/var/lib/mock/alma+epel-8-x86_64/root
DEBUG util.py:717:  child environment: None
DEBUG util.py:636:  Executing command: ['/bin/umount', '-n', '-l', '/var/lib/mock/alma+epel-8-x86_64-bootstrap/root/var/lib/mock/alma+epel-8-x86_64/root'] with env {'TERM': 'vt100', 'SHELL': '/bin/sh', 'HOME': '/builddir', 'HOSTNAME': 'mock', 'PATH': '/usr/bin:/bin:/usr/sbin:/sbin', 'LANG': 'C.UTF-8'} and shell False
DEBUG util.py:688:  Child return code was: 0
DEBUG util.py:717:  child environment: None
DEBUG util.py:636:  Executing command: ['/bin/umount', '-n', '-l', '/var/lib/mock/alma+epel-8-x86_64-bootstrap/root/var/lib/mock/alma+epel-8-x86_64/root'] with env {'TERM': 'vt100', 'SHELL': '/bin/sh', 'HOME': '/builddir', 'HOSTNAME': 'mock', 'PATH': '/usr/bin:/bin:/usr/sbin:/sbin', 'LANG': 'C.UTF-8'} and shell False
DEBUG util.py:688:  Child return code was: 0
DEBUG file_util.py:17:  ensuring that dir exists: /var/lib/mock/alma+epel-8-x86_64/root/proc
DEBUG util.py:717:  child environment: None
DEBUG util.py:636:  Executing command: ['/bin/mount', '-n', '-t', 'tmpfs', '-o', 'rprivate,mode=0755', 'tmpfs', '/var/lib/mock/alma+epel-8-x86_64/root/proc'] with env {'TERM': 'vt100', 'SHELL': '/bin/sh', 'HOME': '/builddir', 'HOSTNAME': 'mock', 'PATH': '/usr/bin:/bin:/usr/sbin:/sbin', 'LANG': 'C.UTF-8'} and shell False
DEBUG util.py:688:  Child return code was: 0
DEBUG file_util.py:17:  ensuring that dir exists: /var/lib/mock/alma+epel-8-x86_64/root/proc
DEBUG util.py:717:  child environment: None
DEBUG util.py:636:  Executing command: ['/bin/mount', '-n', '-o', 'rbind', '/proc', '/var/lib/mock/alma+epel-8-x86_64/root/proc'] with env {'TERM': 'vt100', 'SHELL': '/bin/sh', 'HOME': '/builddir', 'HOSTNAME': 'mock', 'PATH': '/usr/bin:/bin:/usr/sbin:/sbin', 'LANG': 'C.UTF-8'} and shell False
DEBUG util.py:688:  Child return code was: 0
DEBUG util.py:717:  child environment: None
DEBUG util.py:636:  Executing command: ['/bin/mount', '-n', '-o', 'remount,nodev,noexec,nosuid,readonly,rprivate,rbind', '--target', '/var/lib/mock/alma+epel-8-x86_64/root/proc'] with env {'TERM': 'vt100', 'SHELL': '/bin/sh', 'HOME': '/builddir', 'HOSTNAME': 'mock', 'PATH': '/usr/bin:/bin:/usr/sbin:/sbin', 'LANG': 'C.UTF-8'} and shell False
DEBUG util.py:688:  Child return code was: 0
DEBUG file_util.py:17:  ensuring that dir exists: /var/lib/mock/alma+epel-8-x86_64/root/sys
DEBUG util.py:717:  child environment: None
DEBUG util.py:636:  Executing command: ['/bin/mount', '-n', '-t', 'tmpfs', '-o', 'rprivate,mode=0755', 'tmpfs', '/var/lib/mock/alma+epel-8-x86_64/root/sys'] with env {'TERM': 'vt100', 'SHELL': '/bin/sh', 'HOME': '/builddir', 'HOSTNAME': 'mock', 'PATH': '/usr/bin:/bin:/usr/sbin:/sbin', 'LANG': 'C.UTF-8'} and shell False
DEBUG util.py:688:  Child return code was: 0
DEBUG file_util.py:17:  ensuring that dir exists: /var/lib/mock/alma+epel-8-x86_64/root/sys
DEBUG util.py:717:  child environment: None
DEBUG util.py:636:  Executing command: ['/bin/mount', '-n', '-o', 'rbind', '/sys', '/var/lib/mock/alma+epel-8-x86_64/root/sys'] with env {'TERM': 'vt100', 'SHELL': '/bin/sh', 'HOME': '/builddir', 'HOSTNAME': 'mock', 'PATH': '/usr/bin:/bin:/usr/sbin:/sbin', 'LANG': 'C.UTF-8'} and shell False
DEBUG util.py:688:  Child return code was: 0
DEBUG util.py:717:  child environment: None
DEBUG util.py:636:  Executing command: ['/bin/mount', '-n', '-o', 'remount,nodev,noexec,nosuid,readonly,rprivate,rbind', '--target', '/var/lib/mock/alma+epel-8-x86_64/root/sys'] with env {'TERM': 'vt100', 'SHELL': '/bin/sh', 'HOME': '/builddir', 'HOSTNAME': 'mock', 'PATH': '/usr/bin:/bin:/usr/sbin:/sbin', 'LANG': 'C.UTF-8'} and shell False
DEBUG util.py:688:  Child return code was: 0
DEBUG file_util.py:17:  ensuring that dir exists: /var/lib/mock/alma+epel-8-x86_64/root/dev/shm
DEBUG util.py:717:  child environment: None
DEBUG util.py:636:  Executing command: ['/bin/mount', '-n', '-t', 'tmpfs', 'tmpfs', '/var/lib/mock/alma+epel-8-x86_64/root/dev/shm'] with env {'TERM': 'vt100', 'SHELL': '/bin/sh', 'HOME': '/builddir', 'HOSTNAME': 'mock', 'PATH': '/usr/bin:/bin:/usr/sbin:/sbin', 'LANG': 'C.UTF-8'} and shell False
DEBUG util.py:688:  Child return code was: 0
DEBUG file_util.py:17:  ensuring that dir exists: /var/lib/mock/alma+epel-8-x86_64/root/dev/pts
DEBUG util.py:717:  child environment: None
DEBUG util.py:636:  Executing command: ['/bin/mount', '-n', '-t', 'devpts', '-o', 'gid=5,mode=0620,ptmxmode=0666,newinstance', 'devpts', '/var/lib/mock/alma+epel-8-x86_64/root/dev/pts'] with env {'TERM': 'vt100', 'SHELL': '/bin/sh', 'HOME': '/builddir', 'HOSTNAME': 'mock', 'PATH': '/usr/bin:/bin:/usr/sbin:/sbin', 'LANG': 'C.UTF-8'} and shell False
DEBUG util.py:688:  Child return code was: 0
DEBUG util.py:717:  child environment: None
DEBUG util.py:636:  Executing command: ['/bin/mount', '-n', '-o', 'bind', '/tmp/mock-selinux-plugin.lx8zcq8b', '/var/lib/mock/alma+epel-8-x86_64/root/proc/filesystems'] with env {'TERM': 'vt100', 'SHELL': '/bin/sh', 'HOME': '/builddir', 'HOSTNAME': 'mock', 'PATH': '/usr/bin:/bin:/usr/sbin:/sbin', 'LANG': 'C.UTF-8'} and shell False
DEBUG util.py:688:  Child return code was: 0
DEBUG file_util.py:17:  ensuring that dir exists: /var/lib/mock/alma+epel-8-x86_64/root/sys/fs/selinux
DEBUG util.py:717:  child environment: None
DEBUG util.py:636:  Executing command: ['/bin/mount', '-n', '-t', 'tmpfs', 'tmpfs', '/var/lib/mock/alma+epel-8-x86_64/root/sys/fs/selinux'] with env {'TERM': 'vt100', 'SHELL': '/bin/sh', 'HOME': '/builddir', 'HOSTNAME': 'mock', 'PATH': '/usr/bin:/bin:/usr/sbin:/sbin', 'LANG': 'C.UTF-8'} and shell False
DEBUG util.py:688:  Child return code was: 0
DEBUG file_util.py:17:  ensuring that dir exists: /var/lib/mock/alma+epel-8-x86_64-bootstrap/root/var/lib/mock/alma+epel-8-x86_64/root
DEBUG util.py:717:  child environment: None
DEBUG util.py:636:  Executing command: ['/bin/mount', '-n', '-t', 'tmpfs', '-o', 'private,mode=0755', 'tmpfs', '/var/lib/mock/alma+epel-8-x86_64-bootstrap/root/var/lib/mock/alma+epel-8-x86_64/root'] with env {'TERM': 'vt100', 'SHELL': '/bin/sh', 'HOME': '/builddir', 'HOSTNAME': 'mock', 'PATH': '/usr/bin:/bin:/usr/sbin:/sbin', 'LANG': 'C.UTF-8'} and shell False
DEBUG util.py:688:  Child return code was: 0
DEBUG file_util.py:17:  ensuring that dir exists: /var/lib/mock/alma+epel-8-x86_64-bootstrap/root/var/lib/mock/alma+epel-8-x86_64/root
DEBUG util.py:717:  child environment: None
DEBUG util.py:636:  Executing command: ['/bin/mount', '-n', '-o', 'rbind', '/var/lib/mock/alma+epel-8-x86_64/root', '/var/lib/mock/alma+epel-8-x86_64-bootstrap/root/var/lib/mock/alma+epel-8-x86_64/root'] with env {'TERM': 'vt100', 'SHELL': '/bin/sh', 'HOME': '/builddir', 'HOSTNAME': 'mock', 'PATH': '/usr/bin:/bin:/usr/sbin:/sbin', 'LANG': 'C.UTF-8'} and shell False
DEBUG util.py:688:  Child return code was: 0
DEBUG util.py:717:  child environment: None
DEBUG util.py:636:  Executing command: ['/bin/mount', '-n', '-o', 'remount,private,rbind', '--target', '/var/lib/mock/alma+epel-8-x86_64-bootstrap/root/var/lib/mock/alma+epel-8-x86_64/root'] with env {'TERM': 'vt100', 'SHELL': '/bin/sh', 'HOME': '/builddir', 'HOSTNAME': 'mock', 'PATH': '/usr/bin:/bin:/usr/sbin:/sbin', 'LANG': 'C.UTF-8'} and shell False
DEBUG util.py:688:  Child return code was: 0
DEBUG file_util.py:17:  ensuring that dir exists: /var/lib/mock/alma+epel-8-x86_64/root/installation-homedir
DEBUG package_manager.py:296:  ['/usr/bin/dnf-3', '--installroot', '/var/lib/mock/alma+epel-8-x86_64/root/', '-y', '--releasever', '8', '--setopt=deltarpm=False', '--setopt=allow_vendor_change=yes', '--allowerasing', '--disableplugin=local', '--disableplugin=spacewalk', '--disableplugin=versionlock', 'update']
DEBUG util.py:717:  child environment: None
DEBUG util.py:631:  Using nspawn with args ['--capability=cap_ipc_lock', '--resolv-conf=off']
DEBUG util.py:636:  Executing command: ['/usr/bin/systemd-nspawn', '-q', '-M', '2fa8ba64fb3a43eda6fd1bf1b09a3c6e', '-D', '/var/lib/mock/alma+epel-8-x86_64-bootstrap/root', '-a', '--capability=cap_ipc_lock', '--resolv-conf=off', '--setenv=TERM=vt100', '--setenv=SHELL=/bin/bash', '--setenv=HOME=/var/lib/mock/alma+epel-8-x86_64/root/installation-homedir', '--setenv=HOSTNAME=mock', '--setenv=PATH=/usr/bin:/bin:/usr/sbin:/sbin', '--setenv=PROMPT_COMMAND=printf "\\033]0;<mock-chroot>\\007"', '--setenv=PS1=<mock-chroot> \\s-\\v\\$ ', '--setenv=LANG=C.UTF-8', '--setenv=LC_MESSAGES=C.UTF-8', '/usr/bin/dnf-3', '--installroot', '/var/lib/mock/alma+epel-8-x86_64/root/', '-y', '--releasever', '8', '--setopt=deltarpm=False', '--setopt=allow_vendor_change=yes', '--allowerasing', '--disableplugin=local', '--disableplugin=spacewalk', '--disableplugin=versionlock', 'update', '--setopt=tsflags=nocontexts'] with env {'TERM': 'vt100', 'SHELL': '/bin/bash', 'HOME': '/var/lib/mock/alma+epel-8-x86_64/root/installation-homedir', 'HOSTNAME': 'mock', 'PATH': '/usr/bin:/bin:/usr/sbin:/sbin', 'PROMPT_COMMAND': 'printf "\\033]0;<mock-chroot>\\007"', 'PS1': '<mock-chroot> \\s-\\v\\$ ', 'LANG': 'C.UTF-8', 'LC_MESSAGES': 'C.UTF-8', 'SYSTEMD_NSPAWN_TMPFS_TMP': '0', 'SYSTEMD_SECCOMP': '0'} and shell False
DEBUG util.py:535:  No matches found for the following disable plugin patterns: local, spacewalk, versionlock
DEBUG util.py:537:  AlmaLinux 8 - BaseOS                                                                                                                                         3.3 kB/s | 3.8 kB     00:01    
DEBUG util.py:537:  AlmaLinux 8 - AppStream                                                                                                                                      4.0 kB/s | 4.3 kB     00:01    
DEBUG util.py:537:  AlmaLinux 8 - PowerTools                                                                                                                                     5.1 kB/s | 4.2 kB     00:00    
DEBUG util.py:537:  AlmaLinux 8 - Extras                                                                                                                                         3.9 kB/s | 3.3 kB     00:00    
DEBUG util.py:537:  Extra Packages for Enterprise Linux 8 - x86_64                                                                                                               9.3 kB/s | 4.4 kB     00:00    
DEBUG util.py:537:  mock-localrepo                                                                                                                                               2.9 MB/s | 3.0 kB     00:00    
DEBUG util.py:537:  Dependencies resolved.
DEBUG util.py:537:  Nothing to do.
DEBUG util.py:537:  Complete!
DEBUG util.py:688:  Child return code was: 0
DEBUG util.py:200:  kill orphans in chroot /var/lib/mock/alma+epel-8-x86_64/root
DEBUG util.py:200:  kill orphans in chroot /var/lib/mock/alma+epel-8-x86_64-bootstrap/root/var/lib/mock/alma+epel-8-x86_64/root
DEBUG util.py:717:  child environment: None
DEBUG util.py:636:  Executing command: ['/bin/umount', '-n', '-l', '/var/lib/mock/alma+epel-8-x86_64-bootstrap/root/var/lib/mock/alma+epel-8-x86_64/root'] with env {'TERM': 'vt100', 'SHELL': '/bin/sh', 'HOME': '/builddir', 'HOSTNAME': 'mock', 'PATH': '/usr/bin:/bin:/usr/sbin:/sbin', 'LANG': 'C.UTF-8'} and shell False
DEBUG util.py:688:  Child return code was: 0
DEBUG util.py:717:  child environment: None
DEBUG util.py:636:  Executing command: ['/bin/umount', '-n', '-l', '/var/lib/mock/alma+epel-8-x86_64-bootstrap/root/var/lib/mock/alma+epel-8-x86_64/root'] with env {'TERM': 'vt100', 'SHELL': '/bin/sh', 'HOME': '/builddir', 'HOSTNAME': 'mock', 'PATH': '/usr/bin:/bin:/usr/sbin:/sbin', 'LANG': 'C.UTF-8'} and shell False
DEBUG util.py:688:  Child return code was: 0
DEBUG util.py:717:  child environment: None
DEBUG util.py:636:  Executing command: ['/bin/umount', '-n', '-l', '/var/lib/mock/alma+epel-8-x86_64/root/sys/fs/selinux'] with env {'TERM': 'vt100', 'SHELL': '/bin/sh', 'HOME': '/builddir', 'HOSTNAME': 'mock', 'PATH': '/usr/bin:/bin:/usr/sbin:/sbin', 'LANG': 'C.UTF-8'} and shell False
DEBUG util.py:688:  Child return code was: 0
DEBUG util.py:717:  child environment: None
DEBUG util.py:636:  Executing command: ['/bin/umount', '-n', '/var/lib/mock/alma+epel-8-x86_64/root/proc/filesystems'] with env {'TERM': 'vt100', 'SHELL': '/bin/sh', 'HOME': '/builddir', 'HOSTNAME': 'mock', 'PATH': '/usr/bin:/bin:/usr/sbin:/sbin', 'LANG': 'C.UTF-8'} and shell False
DEBUG util.py:688:  Child return code was: 0
DEBUG util.py:717:  child environment: None
DEBUG util.py:636:  Executing command: ['/bin/umount', '-n', '-l', '/var/lib/mock/alma+epel-8-x86_64/root/dev/pts'] with env {'TERM': 'vt100', 'SHELL': '/bin/sh', 'HOME': '/builddir', 'HOSTNAME': 'mock', 'PATH': '/usr/bin:/bin:/usr/sbin:/sbin', 'LANG': 'C.UTF-8'} and shell False
DEBUG util.py:688:  Child return code was: 0
DEBUG util.py:717:  child environment: None
DEBUG util.py:636:  Executing command: ['/bin/umount', '-n', '-l', '/var/lib/mock/alma+epel-8-x86_64/root/dev/shm'] with env {'TERM': 'vt100', 'SHELL': '/bin/sh', 'HOME': '/builddir', 'HOSTNAME': 'mock', 'PATH': '/usr/bin:/bin:/usr/sbin:/sbin', 'LANG': 'C.UTF-8'} and shell False
DEBUG util.py:688:  Child return code was: 0
DEBUG util.py:717:  child environment: None
DEBUG util.py:636:  Executing command: ['/bin/umount', '-n', '-l', '/var/lib/mock/alma+epel-8-x86_64/root/sys'] with env {'TERM': 'vt100', 'SHELL': '/bin/sh', 'HOME': '/builddir', 'HOSTNAME': 'mock', 'PATH': '/usr/bin:/bin:/usr/sbin:/sbin', 'LANG': 'C.UTF-8'} and shell False
DEBUG util.py:688:  Child return code was: 0
DEBUG util.py:717:  child environment: None
DEBUG util.py:636:  Executing command: ['/bin/umount', '-n', '-l', '/var/lib/mock/alma+epel-8-x86_64/root/sys'] with env {'TERM': 'vt100', 'SHELL': '/bin/sh', 'HOME': '/builddir', 'HOSTNAME': 'mock', 'PATH': '/usr/bin:/bin:/usr/sbin:/sbin', 'LANG': 'C.UTF-8'} and shell False
DEBUG util.py:688:  Child return code was: 0
DEBUG util.py:717:  child environment: None
DEBUG util.py:636:  Executing command: ['/bin/umount', '-n', '-l', '/var/lib/mock/alma+epel-8-x86_64/root/proc'] with env {'TERM': 'vt100', 'SHELL': '/bin/sh', 'HOME': '/builddir', 'HOSTNAME': 'mock', 'PATH': '/usr/bin:/bin:/usr/sbin:/sbin', 'LANG': 'C.UTF-8'} and shell False
DEBUG util.py:688:  Child return code was: 0
DEBUG util.py:717:  child environment: None
DEBUG util.py:636:  Executing command: ['/bin/umount', '-n', '-l', '/var/lib/mock/alma+epel-8-x86_64/root/proc'] with env {'TERM': 'vt100', 'SHELL': '/bin/sh', 'HOME': '/builddir', 'HOSTNAME': 'mock', 'PATH': '/usr/bin:/bin:/usr/sbin:/sbin', 'LANG': 'C.UTF-8'} and shell False
DEBUG util.py:688:  Child return code was: 0
DEBUG buildroot.py:723:  removing 3 rpm db files
DEBUG buildroot.py:728:  nuke_rpm_db: removing /var/lib/mock/alma+epel-8-x86_64/root/var/lib/rpm/__db.001
DEBUG buildroot.py:728:  nuke_rpm_db: removing /var/lib/mock/alma+epel-8-x86_64/root/var/lib/rpm/__db.002
DEBUG buildroot.py:728:  nuke_rpm_db: removing /var/lib/mock/alma+epel-8-x86_64/root/var/lib/rpm/__db.003
DEBUG file_util.py:17:  ensuring that dir exists: /var/lib/mock/alma+epel-8-x86_64-bootstrap/root/var/lib/mock/alma+epel-8-x86_64/root
DEBUG util.py:717:  child environment: None
DEBUG util.py:636:  Executing command: ['/bin/mount', '-n', '-t', 'tmpfs', '-o', 'private,mode=0755', 'tmpfs', '/var/lib/mock/alma+epel-8-x86_64-bootstrap/root/var/lib/mock/alma+epel-8-x86_64/root'] with env {'TERM': 'vt100', 'SHELL': '/bin/sh', 'HOME': '/builddir', 'HOSTNAME': 'mock', 'PATH': '/usr/bin:/bin:/usr/sbin:/sbin', 'LANG': 'C.UTF-8'} and shell False
DEBUG util.py:688:  Child return code was: 0
DEBUG file_util.py:17:  ensuring that dir exists: /var/lib/mock/alma+epel-8-x86_64-bootstrap/root/var/lib/mock/alma+epel-8-x86_64/root
DEBUG util.py:717:  child environment: None
DEBUG util.py:636:  Executing command: ['/bin/mount', '-n', '-o', 'rbind', '/var/lib/mock/alma+epel-8-x86_64/root', '/var/lib/mock/alma+epel-8-x86_64-bootstrap/root/var/lib/mock/alma+epel-8-x86_64/root'] with env {'TERM': 'vt100', 'SHELL': '/bin/sh', 'HOME': '/builddir', 'HOSTNAME': 'mock', 'PATH': '/usr/bin:/bin:/usr/sbin:/sbin', 'LANG': 'C.UTF-8'} and shell False
DEBUG util.py:688:  Child return code was: 0
DEBUG util.py:717:  child environment: None
DEBUG util.py:636:  Executing command: ['/bin/mount', '-n', '-o', 'remount,private,rbind', '--target', '/var/lib/mock/alma+epel-8-x86_64-bootstrap/root/var/lib/mock/alma+epel-8-x86_64/root'] with env {'TERM': 'vt100', 'SHELL': '/bin/sh', 'HOME': '/builddir', 'HOSTNAME': 'mock', 'PATH': '/usr/bin:/bin:/usr/sbin:/sbin', 'LANG': 'C.UTF-8'} and shell False
DEBUG util.py:688:  Child return code was: 0
DEBUG util.py:717:  child environment: None
DEBUG util.py:631:  Using nspawn with args ['--capability=cap_ipc_lock', '--resolv-conf=off']
DEBUG util.py:636:  Executing command: ['/usr/bin/systemd-nspawn', '-q', '-M', 'e0ed47690e35464da39264df9eeb776e', '-D', '/var/lib/mock/alma+epel-8-x86_64-bootstrap/root', '-a', '--capability=cap_ipc_lock', '--resolv-conf=off', '--setenv=TERM=vt100', '--setenv=SHELL=/bin/bash', '--setenv=HOME=/builddir', '--setenv=HOSTNAME=mock', '--setenv=PATH=/usr/bin:/bin:/usr/sbin:/sbin', '--setenv=PROMPT_COMMAND=printf "\\033]0;<mock-chroot>\\007"', '--setenv=PS1=<mock-chroot> \\s-\\v\\$ ', '--setenv=LANG=C.UTF-8', '/bin/rpm', '-qa', '--root', '/var/lib/mock/alma+epel-8-x86_64/root'] with env {'TERM': 'vt100', 'SHELL': '/bin/bash', 'HOME': '/builddir', 'HOSTNAME': 'mock', 'PATH': '/usr/bin:/bin:/usr/sbin:/sbin', 'PROMPT_COMMAND': 'printf "\\033]0;<mock-chroot>\\007"', 'PS1': '<mock-chroot> \\s-\\v\\$ ', 'LANG': 'C.UTF-8', 'SYSTEMD_NSPAWN_TMPFS_TMP': '0', 'SYSTEMD_SECCOMP': '0'} and shell False
DEBUG util.py:537:  gpg-pubkey-ced7258b-6525146f
DEBUG util.py:537:  libgcc-8.5.0-28.el8_10.alma.1.x86_64
DEBUG util.py:537:  crypto-policies-20230731-1.git3177e06.el8.noarch
DEBUG util.py:537:  python3-setuptools-wheel-39.2.0-9.el8_10.noarch
DEBUG util.py:537:  almalinux-release-8.10-1.el8.x86_64
DEBUG util.py:537:  filesystem-3.8-6.el8.x86_64
DEBUG util.py:537:  python3-rpm-macros-3-45.el8.noarch
DEBUG util.py:537:  ansible-srpm-macros-1-12.el8.noarch
DEBUG util.py:537:  qt5-srpm-macros-5.15.3-1.el8.noarch
DEBUG util.py:537:  openblas-srpm-macros-2-2.el8.noarch
DEBUG util.py:537:  go-srpm-macros-2-17.el8.noarch
DEBUG util.py:537:  tzdata-2026c-1.el8_10.noarch
DEBUG util.py:537:  pkgconf-m4-1.4.2-1.el8.noarch
DEBUG util.py:537:  pcre2-10.32-3.el8_6.x86_64
DEBUG util.py:537:  glibc-all-langpacks-2.28-251.el8_10.40.x86_64
DEBUG util.py:537:  glibc-gconv-extra-2.28-251.el8_10.40.x86_64
DEBUG util.py:537:  glibc-2.28-251.el8_10.40.x86_64
DEBUG util.py:537:  libsepol-2.9-3.el8.x86_64
DEBUG util.py:537:  info-6.5-7.el8.x86_64
DEBUG util.py:537:  xz-libs-5.2.4-4.el8_6.x86_64
DEBUG util.py:537:  libacl-2.4.0-1.el8_10.x86_64
DEBUG util.py:537:  libxcrypt-4.1.1-6.el8.x86_64
DEBUG util.py:537:  elfutils-libelf-0.190-2.el8.alma.1.x86_64
DEBUG util.py:537:  readline-7.0-10.el8.x86_64
DEBUG util.py:537:  libcap-2.48-6.el8_10.1.x86_64
DEBUG util.py:537:  sed-4.5-5.el8_10.x86_64
DEBUG util.py:537:  libuuid-2.32.1-48.el8_10.x86_64
DEBUG util.py:537:  libunistring-0.9.9-3.el8.x86_64
DEBUG util.py:537:  libgpg-error-1.31-1.el8.x86_64
DEBUG util.py:537:  p11-kit-0.23.22-2.el8.x86_64
DEBUG util.py:537:  libmpc-1.1.0-9.1.el8.x86_64
DEBUG util.py:537:  libattr-2.6.0-1.el8_10.x86_64
DEBUG util.py:537:  libgcrypt-1.8.5-8.el8_10.x86_64
DEBUG util.py:537:  findutils-4.6.0-24.el8_10.x86_64
DEBUG util.py:537:  elfutils-libs-0.190-2.el8.alma.1.x86_64
DEBUG util.py:537:  gdbm-libs-1.18-2.el8.x86_64
DEBUG util.py:537:  libcap-ng-0.7.11-1.el8.x86_64
DEBUG util.py:537:  libtasn1-4.13-6.el8_10.x86_64
DEBUG util.py:537:  lz4-libs-1.8.3-5.el8_10.x86_64
DEBUG util.py:537:  grep-3.1-6.el8.x86_64
DEBUG util.py:537:  libsemanage-2.9-12.el8_10.x86_64
DEBUG util.py:537:  elfutils-0.190-2.el8.alma.1.x86_64
DEBUG util.py:537:  patch-2.7.6-11.el8.x86_64
DEBUG util.py:537:  libpsl-0.20.2-6.el8.x86_64
DEBUG util.py:537:  libksba-1.3.5-9.el8_7.x86_64
DEBUG util.py:537:  libstdc++-devel-8.5.0-28.el8_10.alma.1.x86_64
DEBUG util.py:537:  tar-1.30-13.el8_10.x86_64
DEBUG util.py:537:  gnutls-3.6.16-8.el8_10.6.x86_64
DEBUG util.py:537:  libxml2-2.9.7-21.el8_10.9.x86_64
DEBUG util.py:537:  coreutils-common-8.30-21.el8_10.x86_64
DEBUG util.py:537:  libgomp-8.5.0-28.el8_10.alma.1.x86_64
DEBUG util.py:537:  cpio-2.12-11.el8.x86_64
DEBUG util.py:537:  libpkgconf-1.4.2-1.el8.x86_64
DEBUG util.py:537:  pkgconf-pkg-config-1.4.2-1.el8.x86_64
DEBUG util.py:537:  gawk-4.2.1-4.el8.x86_64
DEBUG util.py:537:  libtool-ltdl-2.4.6-25.el8.x86_64
DEBUG util.py:537:  ncurses-6.1-10.20180224.el8.x86_64
DEBUG util.py:537:  coreutils-8.30-21.el8_10.x86_64
DEBUG util.py:537:  libdb-5.3.28-42.el8_4.x86_64
DEBUG util.py:537:  libtirpc-1.1.4-12.el8_10.x86_64
DEBUG util.py:537:  libmount-2.32.1-48.el8_10.x86_64
DEBUG util.py:537:  libnsl2-1.2.0-2.20180605git4a062cf.el8.x86_64
DEBUG util.py:537:  platform-python-3.6.8-78.el8_10.alma.1.x86_64
DEBUG util.py:537:  binutils-2.30-128.el8_10.x86_64
DEBUG util.py:537:  cracklib-2.9.6-15.el8.x86_64
DEBUG util.py:537:  shadow-utils-4.6-23.el8_10.x86_64
DEBUG util.py:537:  tpm2-tss-2.3.2-6.el8.x86_64
DEBUG util.py:537:  libpwquality-1.4.4-6.el8.x86_64
DEBUG util.py:537:  libusbx-1.0.30-1.el8_10.x86_64
DEBUG util.py:537:  libbabeltrace-1.5.4-4.el8.x86_64
DEBUG util.py:537:  cyrus-sasl-lib-2.1.27-6.el8_5.x86_64
DEBUG util.py:537:  libdb-utils-5.3.28-42.el8_4.x86_64
DEBUG util.py:537:  npth-1.5-4.el8.x86_64
DEBUG util.py:537:  libatomic_ops-7.6.2-3.el8.x86_64
DEBUG util.py:537:  guile-2.0.14-7.el8.x86_64
DEBUG util.py:537:  libssh-config-0.9.6-17.el8_10.noarch
DEBUG util.py:537:  libcurl-7.61.1-34.el8_10.13.x86_64
DEBUG util.py:537:  rpm-libs-4.14.3-32.el8_10.x86_64
DEBUG util.py:537:  efi-srpm-macros-3-3.el8.noarch
DEBUG util.py:537:  rpm-build-libs-4.14.3-32.el8_10.x86_64
DEBUG util.py:537:  kernel-headers-4.18.0-553.169.1.el8_10.x86_64
DEBUG util.py:537:  glibc-devel-2.28-251.el8_10.40.x86_64
DEBUG util.py:537:  gcc-8.5.0-28.el8_10.alma.1.x86_64
DEBUG util.py:537:  gcc-plugin-annobin-8.5.0-28.el8_10.alma.1.x86_64
DEBUG util.py:537:  rpm-build-4.14.3-32.el8_10.x86_64
DEBUG util.py:537:  epel-rpm-macros-8-43.noarch
DEBUG util.py:537:  which-2.21-21.el8_10.x86_64
DEBUG util.py:537:  gpg-pubkey-3abb34f8-5ffd890e
DEBUG util.py:537:  gpg-pubkey-2f86d6a1-5cf7cefb
DEBUG util.py:537:  python-srpm-macros-3-45.el8.noarch
DEBUG util.py:537:  python-rpm-macros-3-45.el8.noarch
DEBUG util.py:537:  python3-pip-wheel-9.0.3-24.el8.noarch
DEBUG util.py:537:  setup-2.12.2-9.el8.noarch
DEBUG util.py:537:  basesystem-11-5.el8.noarch
DEBUG util.py:537:  fpc-srpm-macros-1.3-1.el8.noarch
DEBUG util.py:537:  rust-srpm-macros-5-2.el8.noarch
DEBUG util.py:537:  perl-srpm-macros-1-25.el8.noarch
DEBUG util.py:537:  ocaml-srpm-macros-5-4.el8.noarch
DEBUG util.py:537:  ghc-srpm-macros-1.4.2-7.el8.noarch
DEBUG util.py:537:  publicsuffix-list-dafsa-20180723-1.el8.noarch
DEBUG util.py:537:  ncurses-base-6.1-10.20180224.el8.noarch
DEBUG util.py:537:  libselinux-2.9-11.el8_10.x86_64
DEBUG util.py:537:  ncurses-libs-6.1-10.20180224.el8.x86_64
DEBUG util.py:537:  glibc-common-2.28-251.el8_10.40.x86_64
DEBUG util.py:537:  bash-4.4.20-6.el8_10.x86_64
DEBUG util.py:537:  zlib-1.2.11-25.el8.x86_64
DEBUG util.py:537:  bzip2-libs-1.0.6-28.el8_10.x86_64
DEBUG util.py:537:  gmp-6.1.2-11.el8.x86_64
DEBUG util.py:537:  libstdc++-8.5.0-28.el8_10.alma.1.x86_64
DEBUG util.py:537:  libzstd-1.4.4-1.el8.x86_64
DEBUG util.py:537:  mpfr-3.1.6-1.el8.x86_64
DEBUG util.py:537:  sqlite-libs-3.26.0-21.el8_10.x86_64
DEBUG util.py:537:  popt-1.18-1.el8.x86_64
DEBUG util.py:537:  libcom_err-1.45.6-7.el8_10.x86_64
DEBUG util.py:537:  chkconfig-1.19.2-1.el8.x86_64
DEBUG util.py:537:  libffi-3.1-24.el8.x86_64
DEBUG util.py:537:  lua-libs-5.3.4-12.el8.x86_64
DEBUG util.py:537:  libidn2-2.2.0-1.el8.x86_64
DEBUG util.py:537:  file-libs-5.33-27.el8_10.x86_64
DEBUG util.py:537:  file-5.33-27.el8_10.x86_64
DEBUG util.py:537:  unzip-6.0-48.el8_10.x86_64
DEBUG util.py:537:  elfutils-default-yama-scope-0.190-2.el8.alma.1.noarch
DEBUG util.py:537:  expat-2.5.0-4.el8_10.x86_64
DEBUG util.py:537:  keyutils-libs-1.5.10-9.el8.x86_64
DEBUG util.py:537:  audit-libs-3.1.2-1.el8_10.1.x86_64
DEBUG util.py:537:  p11-kit-trust-0.23.22-2.el8.x86_64
DEBUG util.py:537:  pcre-8.42-6.el8.x86_64
DEBUG util.py:537:  xz-5.2.4-4.el8_6.x86_64
DEBUG util.py:537:  gdbm-1.18-2.el8.x86_64
DEBUG util.py:537:  zip-3.0-23.el8.x86_64
DEBUG util.py:537:  cpp-8.5.0-28.el8_10.alma.1.x86_64
DEBUG util.py:537:  libassuan-2.5.1-3.el8.x86_64
DEBUG util.py:537:  dwz-0.12-10.el8.x86_64
DEBUG util.py:537:  zstd-1.4.4-1.el8.x86_64
DEBUG util.py:537:  nettle-3.4.1-7.el8.x86_64
DEBUG util.py:537:  isl-0.16.1-6.el8.x86_64
DEBUG util.py:537:  bzip2-1.0.6-28.el8_10.x86_64
DEBUG util.py:537:  diffutils-3.6-6.el8.x86_64
DEBUG util.py:537:  brotli-1.0.6-4.el8_10.x86_64
DEBUG util.py:537:  libnghttp2-1.33.0-6.el8_10.3.x86_64
DEBUG util.py:537:  pkgconf-1.4.2-1.el8.x86_64
DEBUG util.py:537:  libsigsegv-2.11-5.el8.x86_64
DEBUG util.py:537:  libsmartcols-2.32.1-48.el8_10.x86_64
DEBUG util.py:537:  libverto-0.3.2-2.el8.x86_64
DEBUG util.py:537:  openssl-libs-1.1.1k-17.el8_6.x86_64
DEBUG util.py:537:  ca-certificates-2025.2.80_v9.0.304-80.2.el8_10.noarch
DEBUG util.py:537:  krb5-libs-1.18.2-34.el8_10.x86_64
DEBUG util.py:537:  libblkid-2.32.1-48.el8_10.x86_64
DEBUG util.py:537:  systemd-libs-239-82.el8_10.19.x86_64
DEBUG util.py:537:  platform-python-setuptools-39.2.0-9.el8_10.noarch
DEBUG util.py:537:  python3-libs-3.6.8-78.el8_10.alma.1.x86_64
DEBUG util.py:537:  gzip-1.9-15.el8_10.x86_64
DEBUG util.py:537:  cracklib-dicts-2.9.6-15.el8.x86_64
DEBUG util.py:537:  libutempter-1.1.6-14.el8.x86_64
DEBUG util.py:537:  ima-evm-utils-1.3.2-12.el8.x86_64
DEBUG util.py:537:  pam-1.3.1-40.el8_10.x86_64
DEBUG util.py:537:  glib2-2.56.4-178.el8_10.x86_64
DEBUG util.py:537:  libfdisk-2.32.1-48.el8_10.x86_64
DEBUG util.py:537:  openldap-2.4.46-21.el8_10.x86_64
DEBUG util.py:537:  libarchive-3.3.3-7.el8_10.x86_64
DEBUG util.py:537:  gnupg2-2.2.20-4.el8_10.x86_64
DEBUG util.py:537:  gc-7.6.4-3.el8.x86_64
DEBUG util.py:537:  libipt-1.6.1-8.el8.x86_64
DEBUG util.py:537:  libssh-0.9.6-17.el8_10.x86_64
DEBUG util.py:537:  curl-7.61.1-34.el8_10.13.x86_64
DEBUG util.py:537:  rpm-4.14.3-32.el8_10.x86_64
DEBUG util.py:537:  lua-srpm-macros-1-13.el8.noarch
DEBUG util.py:537:  gdb-headless-8.2-20.el8.x86_64
DEBUG util.py:537:  glibc-headers-2.28-251.el8_10.40.x86_64
DEBUG util.py:537:  libxcrypt-devel-4.1.1-6.el8.x86_64
DEBUG util.py:537:  annobin-13.27-1.el8_10.x86_64
DEBUG util.py:537:  redhat-rpm-config-131-1.el8.alma.noarch
DEBUG util.py:537:  gcc-c++-8.5.0-28.el8_10.alma.1.x86_64
DEBUG util.py:537:  util-linux-2.32.1-48.el8_10.x86_64
DEBUG util.py:537:  make-4.2.1-11.el8.x86_64
DEBUG util.py:688:  Child return code was: 0
DEBUG util.py:200:  kill orphans in chroot /var/lib/mock/alma+epel-8-x86_64/root
DEBUG util.py:200:  kill orphans in chroot /var/lib/mock/alma+epel-8-x86_64-bootstrap/root/var/lib/mock/alma+epel-8-x86_64/root
DEBUG util.py:717:  child environment: None
DEBUG util.py:636:  Executing command: ['/bin/umount', '-n', '-l', '/var/lib/mock/alma+epel-8-x86_64-bootstrap/root/var/lib/mock/alma+epel-8-x86_64/root'] with env {'TERM': 'vt100', 'SHELL': '/bin/sh', 'HOME': '/builddir', 'HOSTNAME': 'mock', 'PATH': '/usr/bin:/bin:/usr/sbin:/sbin', 'LANG': 'C.UTF-8'} and shell False
DEBUG util.py:688:  Child return code was: 0
DEBUG util.py:717:  child environment: None
DEBUG util.py:636:  Executing command: ['/bin/umount', '-n', '-l', '/var/lib/mock/alma+epel-8-x86_64-bootstrap/root/var/lib/mock/alma+epel-8-x86_64/root'] with env {'TERM': 'vt100', 'SHELL': '/bin/sh', 'HOME': '/builddir', 'HOSTNAME': 'mock', 'PATH': '/usr/bin:/bin:/usr/sbin:/sbin', 'LANG': 'C.UTF-8'} and shell False
DEBUG util.py:688:  Child return code was: 0
DEBUG file_util.py:17:  ensuring that dir exists: /var/lib/mock/alma+epel-8-x86_64/root/builddir/build
DEBUG file_util.py:17:  ensuring that dir exists: /var/lib/mock/alma+epel-8-x86_64/root/builddir/build/RPMS
DEBUG file_util.py:20:  created dir: /var/lib/mock/alma+epel-8-x86_64/root/builddir/build/RPMS
DEBUG file_util.py:17:  ensuring that dir exists: /var/lib/mock/alma+epel-8-x86_64/root/builddir/build/SPECS
DEBUG file_util.py:20:  created dir: /var/lib/mock/alma+epel-8-x86_64/root/builddir/build/SPECS
DEBUG file_util.py:17:  ensuring that dir exists: /var/lib/mock/alma+epel-8-x86_64/root/builddir/build/SRPMS
DEBUG file_util.py:20:  created dir: /var/lib/mock/alma+epel-8-x86_64/root/builddir/build/SRPMS
DEBUG file_util.py:17:  ensuring that dir exists: /var/lib/mock/alma+epel-8-x86_64/root/builddir/build/SOURCES
DEBUG file_util.py:17:  ensuring that dir exists: /var/lib/mock/alma+epel-8-x86_64/root/builddir/build/BUILD
DEBUG file_util.py:20:  created dir: /var/lib/mock/alma+epel-8-x86_64/root/builddir/build/BUILD
DEBUG file_util.py:17:  ensuring that dir exists: /var/lib/mock/alma+epel-8-x86_64/root/builddir/build/BUILDROOT
DEBUG file_util.py:20:  created dir: /var/lib/mock/alma+epel-8-x86_64/root/builddir/build/BUILDROOT
DEBUG file_util.py:17:  ensuring that dir exists: /var/lib/mock/alma+epel-8-x86_64/root/builddir/build/originals
DEBUG file_util.py:20:  created dir: /var/lib/mock/alma+epel-8-x86_64/root/builddir/build/originals
DEBUG file_util.py:17:  ensuring that dir exists: /var/lib/mock/alma+epel-8-x86_64/root/builddir
DEBUG util.py:717:  child environment: None
DEBUG util.py:636:  Executing command: ['userdel', '-f', 'mockbuild', '--prefix', '/var/lib/mock/alma+epel-8-x86_64/root'] with env {'TERM': 'vt100', 'SHELL': '/bin/sh', 'HOME': '/builddir', 'HOSTNAME': 'mock', 'PATH': '/usr/bin:/bin:/usr/sbin:/sbin', 'LANG': 'C.UTF-8'} and shell False
DEBUG util.py:688:  Child return code was: 0
DEBUG util.py:717:  child environment: None
DEBUG util.py:636:  Executing command: ['groupdel', 'mock', '--prefix', '/var/lib/mock/alma+epel-8-x86_64/root'] with env {'TERM': 'vt100', 'SHELL': '/bin/sh', 'HOME': '/builddir', 'HOSTNAME': 'mock', 'PATH': '/usr/bin:/bin:/usr/sbin:/sbin', 'LANG': 'C.UTF-8'} and shell False
DEBUG util.py:688:  Child return code was: 0
DEBUG util.py:717:  child environment: None
DEBUG util.py:636:  Executing command: ['groupadd', 'mock', '-g', '135', '--prefix', '/var/lib/mock/alma+epel-8-x86_64/root'] with env {'TERM': 'vt100', 'SHELL': '/bin/sh', 'HOME': '/builddir', 'HOSTNAME': 'mock', 'PATH': '/usr/bin:/bin:/usr/sbin:/sbin', 'LANG': 'C.UTF-8'} and shell False
DEBUG util.py:688:  Child return code was: 0
DEBUG util.py:717:  child environment: None
DEBUG util.py:636:  Executing command: ['useradd', 'mockbuild', '-o', '-u', '0', '-g', '135', '-N', '-d', '/builddir', '--prefix', '/var/lib/mock/alma+epel-8-x86_64/root'] with env {'TERM': 'vt100', 'SHELL': '/bin/sh', 'HOME': '/builddir', 'HOSTNAME': 'mock', 'PATH': '/usr/bin:/bin:/usr/sbin:/sbin', 'LANG': 'C.UTF-8'} and shell False
DEBUG util.py:535:  useradd: warning: the home directory already exists.
DEBUG util.py:535:  Not copying any file from skel directory into it.
DEBUG util.py:535:  Creating mailbox file: File exists
DEBUG util.py:688:  Child return code was: 0
DEBUG file_util.py:29:  touching file: /var/lib/mock/alma+epel-8-x86_64/root/.initialized
DEBUG file_util.py:17:  ensuring that dir exists: /root/mock-localrepo
DEBUG file_util.py:17:  ensuring that dir exists: /var/lib/mock/alma+epel-8-x86_64/root/root/mock-localrepo
DEBUG file_util.py:20:  created dir: /var/lib/mock/alma+epel-8-x86_64/root/root/mock-localrepo
DEBUG file_util.py:17:  ensuring that dir exists: /var/lib/mock/alma+epel-8-x86_64/root/root/mock-localrepo
DEBUG util.py:717:  child environment: None
DEBUG util.py:636:  Executing command: ['/bin/mount', '-n', '-o', 'bind', '/root/mock-localrepo', '/var/lib/mock/alma+epel-8-x86_64/root/root/mock-localrepo'] with env {'TERM': 'vt100', 'SHELL': '/bin/sh', 'HOME': '/builddir', 'HOSTNAME': 'mock', 'PATH': '/usr/bin:/bin:/usr/sbin:/sbin', 'LANG': 'C.UTF-8'} and shell False
DEBUG util.py:688:  Child return code was: 0
DEBUG util.py:717:  child environment: None
DEBUG util.py:631:  Using nspawn with args ['--capability=cap_ipc_lock', '--bind=/dev/mapper/control', '--bind=/dev/fuse', '--bind=/dev/loop-control', '--bind=/dev/loop0', '--bind=/dev/loop1', '--bind=/dev/loop2', '--bind=/dev/loop3', '--bind=/dev/loop4', '--bind=/dev/loop5', '--bind=/dev/loop6', '--bind=/dev/loop7', '--bind=/dev/loop8', '--bind=/dev/loop9', '--bind=/dev/loop10', '--bind=/dev/loop11', '--resolv-conf=off']
DEBUG util.py:636:  Executing command: ['/usr/bin/systemd-nspawn', '-q', '-M', '1ac0379abcb74f60a882dd07d8074e3f', '-D', '/var/lib/mock/alma+epel-8-x86_64/root', '-a', '-u', 'mockbuild', '--capability=cap_ipc_lock', '--bind=/dev/mapper/control', '--bind=/dev/fuse', '--bind=/dev/loop-control', '--bind=/dev/loop0', '--bind=/dev/loop1', '--bind=/dev/loop2', '--bind=/dev/loop3', '--bind=/dev/loop4', '--bind=/dev/loop5', '--bind=/dev/loop6', '--bind=/dev/loop7', '--bind=/dev/loop8', '--bind=/dev/loop9', '--bind=/dev/loop10', '--bind=/dev/loop11', '--resolv-conf=off', '--setenv=TERM=vt100', '--setenv=SHELL=/bin/bash', '--setenv=HOME=/builddir', '--setenv=HOSTNAME=mock', '--setenv=PATH=/usr/bin:/bin:/usr/sbin:/sbin', '--setenv=PROMPT_COMMAND=printf "\\033]0;<mock-chroot>\\007"', '--setenv=PS1=<mock-chroot> \\s-\\v\\$ ', '--setenv=LANG=C.UTF-8', '/bin/rpm', '-Uvh', '--nodeps', '/builddir/build/originals/modsecurity-3.0.17-1.el8.src.rpm'] with env {'TERM': 'vt100', 'SHELL': '/bin/bash', 'HOME': '/builddir', 'HOSTNAME': 'mock', 'PATH': '/usr/bin:/bin:/usr/sbin:/sbin', 'PROMPT_COMMAND': 'printf "\\033]0;<mock-chroot>\\007"', 'PS1': '<mock-chroot> \\s-\\v\\$ ', 'LANG': 'C.UTF-8', 'SYSTEMD_NSPAWN_TMPFS_TMP': '0', 'SYSTEMD_SECCOMP': '0'} and shell False
DEBUG util.py:537:  Updating / installing...
DEBUG util.py:537:  modsecurity-3.0.17-1.el8              ########################################
DEBUG util.py:688:  Child return code was: 0
DEBUG buildroot.py:723:  removing 3 rpm db files
DEBUG buildroot.py:728:  nuke_rpm_db: removing /var/lib/mock/alma+epel-8-x86_64/root/var/lib/rpm/__db.001
DEBUG buildroot.py:728:  nuke_rpm_db: removing /var/lib/mock/alma+epel-8-x86_64/root/var/lib/rpm/__db.002
DEBUG buildroot.py:728:  nuke_rpm_db: removing /var/lib/mock/alma+epel-8-x86_64/root/var/lib/rpm/__db.003
DEBUG util.py:717:  child environment: None
DEBUG util.py:631:  Using nspawn with args ['--capability=cap_ipc_lock', '--bind=/dev/mapper/control', '--bind=/dev/fuse', '--bind=/dev/loop-control', '--bind=/dev/loop0', '--bind=/dev/loop1', '--bind=/dev/loop2', '--bind=/dev/loop3', '--bind=/dev/loop4', '--bind=/dev/loop5', '--bind=/dev/loop6', '--bind=/dev/loop7', '--bind=/dev/loop8', '--bind=/dev/loop9', '--bind=/dev/loop10', '--bind=/dev/loop11', '--resolv-conf=off']
DEBUG util.py:636:  Executing command: ['/usr/bin/systemd-nspawn', '-q', '-M', '1ee4fd006b2144438ae1a30c574f2943', '-D', '/var/lib/mock/alma+epel-8-x86_64/root', '-a', '-u', 'mockbuild', '--capability=cap_ipc_lock', '--bind=/dev/mapper/control', '--bind=/dev/fuse', '--bind=/dev/loop-control', '--bind=/dev/loop0', '--bind=/dev/loop1', '--bind=/dev/loop2', '--bind=/dev/loop3', '--bind=/dev/loop4', '--bind=/dev/loop5', '--bind=/dev/loop6', '--bind=/dev/loop7', '--bind=/dev/loop8', '--bind=/dev/loop9', '--bind=/dev/loop10', '--bind=/dev/loop11', '--resolv-conf=off', '--setenv=TERM=vt100', '--setenv=SHELL=/bin/bash', '--setenv=HOME=/builddir', '--setenv=HOSTNAME=mock', '--setenv=PATH=/usr/bin:/bin:/usr/sbin:/sbin', '--setenv=PROMPT_COMMAND=printf "\\033]0;<mock-chroot>\\007"', '--setenv=PS1=<mock-chroot> \\s-\\v\\$ ', '--setenv=LANG=C.UTF-8', '/bin/rpm', '-qpl', '/builddir/build/originals/modsecurity-3.0.17-1.el8.src.rpm'] with env {'TERM': 'vt100', 'SHELL': '/bin/bash', 'HOME': '/builddir', 'HOSTNAME': 'mock', 'PATH': '/usr/bin:/bin:/usr/sbin:/sbin', 'PROMPT_COMMAND': 'printf "\\033]0;<mock-chroot>\\007"', 'PS1': '<mock-chroot> \\s-\\v\\$ ', 'LANG': 'C.UTF-8', 'SYSTEMD_NSPAWN_TMPFS_TMP': '0', 'SYSTEMD_SECCOMP': '0'} and shell False
DEBUG util.py:537:  modsecurity.spec
DEBUG util.py:537:  v3.0.17.tar.gz
DEBUG util.py:688:  Child return code was: 0
DEBUG buildroot.py:723:  removing 3 rpm db files
DEBUG buildroot.py:728:  nuke_rpm_db: removing /var/lib/mock/alma+epel-8-x86_64/root/var/lib/rpm/__db.001
DEBUG buildroot.py:728:  nuke_rpm_db: removing /var/lib/mock/alma+epel-8-x86_64/root/var/lib/rpm/__db.002
DEBUG buildroot.py:728:  nuke_rpm_db: removing /var/lib/mock/alma+epel-8-x86_64/root/var/lib/rpm/__db.003
DEBUG file_util.py:17:  ensuring that dir exists: /var/lib/mock/alma+epel-8-x86_64-bootstrap/root/var/lib/mock/alma+epel-8-x86_64/root
DEBUG util.py:717:  child environment: None
DEBUG util.py:636:  Executing command: ['/bin/mount', '-n', '-t', 'tmpfs', '-o', 'private,mode=0755', 'tmpfs', '/var/lib/mock/alma+epel-8-x86_64-bootstrap/root/var/lib/mock/alma+epel-8-x86_64/root'] with env {'TERM': 'vt100', 'SHELL': '/bin/sh', 'HOME': '/builddir', 'HOSTNAME': 'mock', 'PATH': '/usr/bin:/bin:/usr/sbin:/sbin', 'LANG': 'C.UTF-8'} and shell False
DEBUG util.py:688:  Child return code was: 0
DEBUG file_util.py:17:  ensuring that dir exists: /var/lib/mock/alma+epel-8-x86_64-bootstrap/root/var/lib/mock/alma+epel-8-x86_64/root
DEBUG util.py:717:  child environment: None
DEBUG util.py:636:  Executing command: ['/bin/mount', '-n', '-o', 'rbind', '/var/lib/mock/alma+epel-8-x86_64/root', '/var/lib/mock/alma+epel-8-x86_64-bootstrap/root/var/lib/mock/alma+epel-8-x86_64/root'] with env {'TERM': 'vt100', 'SHELL': '/bin/sh', 'HOME': '/builddir', 'HOSTNAME': 'mock', 'PATH': '/usr/bin:/bin:/usr/sbin:/sbin', 'LANG': 'C.UTF-8'} and shell False
DEBUG util.py:688:  Child return code was: 0
DEBUG util.py:717:  child environment: None
DEBUG util.py:636:  Executing command: ['/bin/mount', '-n', '-o', 'remount,private,rbind', '--target', '/var/lib/mock/alma+epel-8-x86_64-bootstrap/root/var/lib/mock/alma+epel-8-x86_64/root'] with env {'TERM': 'vt100', 'SHELL': '/bin/sh', 'HOME': '/builddir', 'HOSTNAME': 'mock', 'PATH': '/usr/bin:/bin:/usr/sbin:/sbin', 'LANG': 'C.UTF-8'} and shell False
DEBUG util.py:688:  Child return code was: 0
DEBUG util.py:717:  child environment: None
DEBUG util.py:631:  Using nspawn with args ['--capability=cap_ipc_lock', '--resolv-conf=off']
DEBUG util.py:636:  Executing command: ['/usr/bin/systemd-nspawn', '-q', '-M', '78fa08eaf2eb4a288a4dbf5ba4715943', '-D', '/var/lib/mock/alma+epel-8-x86_64-bootstrap/root', '-a', '--capability=cap_ipc_lock', '--resolv-conf=off', '--setenv=TERM=vt100', '--setenv=SHELL=/bin/bash', '--setenv=HOME=/builddir', '--setenv=HOSTNAME=mock', '--setenv=PATH=/usr/bin:/bin:/usr/sbin:/sbin', '--setenv=PROMPT_COMMAND=printf "\\033]0;<mock-chroot>\\007"', '--setenv=PS1=<mock-chroot> \\s-\\v\\$ ', '--setenv=LANG=C.UTF-8', '/bin/rpm', '-qa', '--root', '/var/lib/mock/alma+epel-8-x86_64/root'] with env {'TERM': 'vt100', 'SHELL': '/bin/bash', 'HOME': '/builddir', 'HOSTNAME': 'mock', 'PATH': '/usr/bin:/bin:/usr/sbin:/sbin', 'PROMPT_COMMAND': 'printf "\\033]0;<mock-chroot>\\007"', 'PS1': '<mock-chroot> \\s-\\v\\$ ', 'LANG': 'C.UTF-8', 'SYSTEMD_NSPAWN_TMPFS_TMP': '0', 'SYSTEMD_SECCOMP': '0'} and shell False
DEBUG util.py:537:  gpg-pubkey-ced7258b-6525146f
DEBUG util.py:537:  libgcc-8.5.0-28.el8_10.alma.1.x86_64
DEBUG util.py:537:  crypto-policies-20230731-1.git3177e06.el8.noarch
DEBUG util.py:537:  python3-setuptools-wheel-39.2.0-9.el8_10.noarch
DEBUG util.py:537:  almalinux-release-8.10-1.el8.x86_64
DEBUG util.py:537:  filesystem-3.8-6.el8.x86_64
DEBUG util.py:537:  python3-rpm-macros-3-45.el8.noarch
DEBUG util.py:537:  ansible-srpm-macros-1-12.el8.noarch
DEBUG util.py:537:  qt5-srpm-macros-5.15.3-1.el8.noarch
DEBUG util.py:537:  openblas-srpm-macros-2-2.el8.noarch
DEBUG util.py:537:  go-srpm-macros-2-17.el8.noarch
DEBUG util.py:537:  tzdata-2026c-1.el8_10.noarch
DEBUG util.py:537:  pkgconf-m4-1.4.2-1.el8.noarch
DEBUG util.py:537:  pcre2-10.32-3.el8_6.x86_64
DEBUG util.py:537:  glibc-all-langpacks-2.28-251.el8_10.40.x86_64
DEBUG util.py:537:  glibc-gconv-extra-2.28-251.el8_10.40.x86_64
DEBUG util.py:537:  glibc-2.28-251.el8_10.40.x86_64
DEBUG util.py:537:  libsepol-2.9-3.el8.x86_64
DEBUG util.py:537:  info-6.5-7.el8.x86_64
DEBUG util.py:537:  xz-libs-5.2.4-4.el8_6.x86_64
DEBUG util.py:537:  libacl-2.4.0-1.el8_10.x86_64
DEBUG util.py:537:  libxcrypt-4.1.1-6.el8.x86_64
DEBUG util.py:537:  elfutils-libelf-0.190-2.el8.alma.1.x86_64
DEBUG util.py:537:  readline-7.0-10.el8.x86_64
DEBUG util.py:537:  libcap-2.48-6.el8_10.1.x86_64
DEBUG util.py:537:  sed-4.5-5.el8_10.x86_64
DEBUG util.py:537:  libuuid-2.32.1-48.el8_10.x86_64
DEBUG util.py:537:  libunistring-0.9.9-3.el8.x86_64
DEBUG util.py:537:  libgpg-error-1.31-1.el8.x86_64
DEBUG util.py:537:  p11-kit-0.23.22-2.el8.x86_64
DEBUG util.py:537:  libmpc-1.1.0-9.1.el8.x86_64
DEBUG util.py:537:  libattr-2.6.0-1.el8_10.x86_64
DEBUG util.py:537:  libgcrypt-1.8.5-8.el8_10.x86_64
DEBUG util.py:537:  findutils-4.6.0-24.el8_10.x86_64
DEBUG util.py:537:  elfutils-libs-0.190-2.el8.alma.1.x86_64
DEBUG util.py:537:  gdbm-libs-1.18-2.el8.x86_64
DEBUG util.py:537:  libcap-ng-0.7.11-1.el8.x86_64
DEBUG util.py:537:  libtasn1-4.13-6.el8_10.x86_64
DEBUG util.py:537:  lz4-libs-1.8.3-5.el8_10.x86_64
DEBUG util.py:537:  grep-3.1-6.el8.x86_64
DEBUG util.py:537:  libsemanage-2.9-12.el8_10.x86_64
DEBUG util.py:537:  elfutils-0.190-2.el8.alma.1.x86_64
DEBUG util.py:537:  patch-2.7.6-11.el8.x86_64
DEBUG util.py:537:  libpsl-0.20.2-6.el8.x86_64
DEBUG util.py:537:  libksba-1.3.5-9.el8_7.x86_64
DEBUG util.py:537:  libstdc++-devel-8.5.0-28.el8_10.alma.1.x86_64
DEBUG util.py:537:  tar-1.30-13.el8_10.x86_64
DEBUG util.py:537:  gnutls-3.6.16-8.el8_10.6.x86_64
DEBUG util.py:537:  libxml2-2.9.7-21.el8_10.9.x86_64
DEBUG util.py:537:  coreutils-common-8.30-21.el8_10.x86_64
DEBUG util.py:537:  libgomp-8.5.0-28.el8_10.alma.1.x86_64
DEBUG util.py:537:  cpio-2.12-11.el8.x86_64
DEBUG util.py:537:  libpkgconf-1.4.2-1.el8.x86_64
DEBUG util.py:537:  pkgconf-pkg-config-1.4.2-1.el8.x86_64
DEBUG util.py:537:  gawk-4.2.1-4.el8.x86_64
DEBUG util.py:537:  libtool-ltdl-2.4.6-25.el8.x86_64
DEBUG util.py:537:  ncurses-6.1-10.20180224.el8.x86_64
DEBUG util.py:537:  coreutils-8.30-21.el8_10.x86_64
DEBUG util.py:537:  libdb-5.3.28-42.el8_4.x86_64
DEBUG util.py:537:  libtirpc-1.1.4-12.el8_10.x86_64
DEBUG util.py:537:  libmount-2.32.1-48.el8_10.x86_64
DEBUG util.py:537:  libnsl2-1.2.0-2.20180605git4a062cf.el8.x86_64
DEBUG util.py:537:  platform-python-3.6.8-78.el8_10.alma.1.x86_64
DEBUG util.py:537:  binutils-2.30-128.el8_10.x86_64
DEBUG util.py:537:  cracklib-2.9.6-15.el8.x86_64
DEBUG util.py:537:  shadow-utils-4.6-23.el8_10.x86_64
DEBUG util.py:537:  tpm2-tss-2.3.2-6.el8.x86_64
DEBUG util.py:537:  libpwquality-1.4.4-6.el8.x86_64
DEBUG util.py:537:  libusbx-1.0.30-1.el8_10.x86_64
DEBUG util.py:537:  libbabeltrace-1.5.4-4.el8.x86_64
DEBUG util.py:537:  cyrus-sasl-lib-2.1.27-6.el8_5.x86_64
DEBUG util.py:537:  libdb-utils-5.3.28-42.el8_4.x86_64
DEBUG util.py:537:  npth-1.5-4.el8.x86_64
DEBUG util.py:537:  libatomic_ops-7.6.2-3.el8.x86_64
DEBUG util.py:537:  guile-2.0.14-7.el8.x86_64
DEBUG util.py:537:  libssh-config-0.9.6-17.el8_10.noarch
DEBUG util.py:537:  libcurl-7.61.1-34.el8_10.13.x86_64
DEBUG util.py:537:  rpm-libs-4.14.3-32.el8_10.x86_64
DEBUG util.py:537:  efi-srpm-macros-3-3.el8.noarch
DEBUG util.py:537:  rpm-build-libs-4.14.3-32.el8_10.x86_64
DEBUG util.py:537:  kernel-headers-4.18.0-553.169.1.el8_10.x86_64
DEBUG util.py:537:  glibc-devel-2.28-251.el8_10.40.x86_64
DEBUG util.py:537:  gcc-8.5.0-28.el8_10.alma.1.x86_64
DEBUG util.py:537:  gcc-plugin-annobin-8.5.0-28.el8_10.alma.1.x86_64
DEBUG util.py:537:  rpm-build-4.14.3-32.el8_10.x86_64
DEBUG util.py:537:  epel-rpm-macros-8-43.noarch
DEBUG util.py:537:  which-2.21-21.el8_10.x86_64
DEBUG util.py:537:  gpg-pubkey-3abb34f8-5ffd890e
DEBUG util.py:537:  gpg-pubkey-2f86d6a1-5cf7cefb
DEBUG util.py:537:  python-srpm-macros-3-45.el8.noarch
DEBUG util.py:537:  python-rpm-macros-3-45.el8.noarch
DEBUG util.py:537:  python3-pip-wheel-9.0.3-24.el8.noarch
DEBUG util.py:537:  setup-2.12.2-9.el8.noarch
DEBUG util.py:537:  basesystem-11-5.el8.noarch
DEBUG util.py:537:  fpc-srpm-macros-1.3-1.el8.noarch
DEBUG util.py:537:  rust-srpm-macros-5-2.el8.noarch
DEBUG util.py:537:  perl-srpm-macros-1-25.el8.noarch
DEBUG util.py:537:  ocaml-srpm-macros-5-4.el8.noarch
DEBUG util.py:537:  ghc-srpm-macros-1.4.2-7.el8.noarch
DEBUG util.py:537:  publicsuffix-list-dafsa-20180723-1.el8.noarch
DEBUG util.py:537:  ncurses-base-6.1-10.20180224.el8.noarch
DEBUG util.py:537:  libselinux-2.9-11.el8_10.x86_64
DEBUG util.py:537:  ncurses-libs-6.1-10.20180224.el8.x86_64
DEBUG util.py:537:  glibc-common-2.28-251.el8_10.40.x86_64
DEBUG util.py:537:  bash-4.4.20-6.el8_10.x86_64
DEBUG util.py:537:  zlib-1.2.11-25.el8.x86_64
DEBUG util.py:537:  bzip2-libs-1.0.6-28.el8_10.x86_64
DEBUG util.py:537:  gmp-6.1.2-11.el8.x86_64
DEBUG util.py:537:  libstdc++-8.5.0-28.el8_10.alma.1.x86_64
DEBUG util.py:537:  libzstd-1.4.4-1.el8.x86_64
DEBUG util.py:537:  mpfr-3.1.6-1.el8.x86_64
DEBUG util.py:537:  sqlite-libs-3.26.0-21.el8_10.x86_64
DEBUG util.py:537:  popt-1.18-1.el8.x86_64
DEBUG util.py:537:  libcom_err-1.45.6-7.el8_10.x86_64
DEBUG util.py:537:  chkconfig-1.19.2-1.el8.x86_64
DEBUG util.py:537:  libffi-3.1-24.el8.x86_64
DEBUG util.py:537:  lua-libs-5.3.4-12.el8.x86_64
DEBUG util.py:537:  libidn2-2.2.0-1.el8.x86_64
DEBUG util.py:537:  file-libs-5.33-27.el8_10.x86_64
DEBUG util.py:537:  file-5.33-27.el8_10.x86_64
DEBUG util.py:537:  unzip-6.0-48.el8_10.x86_64
DEBUG util.py:537:  elfutils-default-yama-scope-0.190-2.el8.alma.1.noarch
DEBUG util.py:537:  expat-2.5.0-4.el8_10.x86_64
DEBUG util.py:537:  keyutils-libs-1.5.10-9.el8.x86_64
DEBUG util.py:537:  audit-libs-3.1.2-1.el8_10.1.x86_64
DEBUG util.py:537:  p11-kit-trust-0.23.22-2.el8.x86_64
DEBUG util.py:537:  pcre-8.42-6.el8.x86_64
DEBUG util.py:537:  xz-5.2.4-4.el8_6.x86_64
DEBUG util.py:537:  gdbm-1.18-2.el8.x86_64
DEBUG util.py:537:  zip-3.0-23.el8.x86_64
DEBUG util.py:537:  cpp-8.5.0-28.el8_10.alma.1.x86_64
DEBUG util.py:537:  libassuan-2.5.1-3.el8.x86_64
DEBUG util.py:537:  dwz-0.12-10.el8.x86_64
DEBUG util.py:537:  zstd-1.4.4-1.el8.x86_64
DEBUG util.py:537:  nettle-3.4.1-7.el8.x86_64
DEBUG util.py:537:  isl-0.16.1-6.el8.x86_64
DEBUG util.py:537:  bzip2-1.0.6-28.el8_10.x86_64
DEBUG util.py:537:  diffutils-3.6-6.el8.x86_64
DEBUG util.py:537:  brotli-1.0.6-4.el8_10.x86_64
DEBUG util.py:537:  libnghttp2-1.33.0-6.el8_10.3.x86_64
DEBUG util.py:537:  pkgconf-1.4.2-1.el8.x86_64
DEBUG util.py:537:  libsigsegv-2.11-5.el8.x86_64
DEBUG util.py:537:  libsmartcols-2.32.1-48.el8_10.x86_64
DEBUG util.py:537:  libverto-0.3.2-2.el8.x86_64
DEBUG util.py:537:  openssl-libs-1.1.1k-17.el8_6.x86_64
DEBUG util.py:537:  ca-certificates-2025.2.80_v9.0.304-80.2.el8_10.noarch
DEBUG util.py:537:  krb5-libs-1.18.2-34.el8_10.x86_64
DEBUG util.py:537:  libblkid-2.32.1-48.el8_10.x86_64
DEBUG util.py:537:  systemd-libs-239-82.el8_10.19.x86_64
DEBUG util.py:537:  platform-python-setuptools-39.2.0-9.el8_10.noarch
DEBUG util.py:537:  python3-libs-3.6.8-78.el8_10.alma.1.x86_64
DEBUG util.py:537:  gzip-1.9-15.el8_10.x86_64
DEBUG util.py:537:  cracklib-dicts-2.9.6-15.el8.x86_64
DEBUG util.py:537:  libutempter-1.1.6-14.el8.x86_64
DEBUG util.py:537:  ima-evm-utils-1.3.2-12.el8.x86_64
DEBUG util.py:537:  pam-1.3.1-40.el8_10.x86_64
DEBUG util.py:537:  glib2-2.56.4-178.el8_10.x86_64
DEBUG util.py:537:  libfdisk-2.32.1-48.el8_10.x86_64
DEBUG util.py:537:  openldap-2.4.46-21.el8_10.x86_64
DEBUG util.py:537:  libarchive-3.3.3-7.el8_10.x86_64
DEBUG util.py:537:  gnupg2-2.2.20-4.el8_10.x86_64
DEBUG util.py:537:  gc-7.6.4-3.el8.x86_64
DEBUG util.py:537:  libipt-1.6.1-8.el8.x86_64
DEBUG util.py:537:  libssh-0.9.6-17.el8_10.x86_64
DEBUG util.py:537:  curl-7.61.1-34.el8_10.13.x86_64
DEBUG util.py:537:  rpm-4.14.3-32.el8_10.x86_64
DEBUG util.py:537:  lua-srpm-macros-1-13.el8.noarch
DEBUG util.py:537:  gdb-headless-8.2-20.el8.x86_64
DEBUG util.py:537:  glibc-headers-2.28-251.el8_10.40.x86_64
DEBUG util.py:537:  libxcrypt-devel-4.1.1-6.el8.x86_64
DEBUG util.py:537:  annobin-13.27-1.el8_10.x86_64
DEBUG util.py:537:  redhat-rpm-config-131-1.el8.alma.noarch
DEBUG util.py:537:  gcc-c++-8.5.0-28.el8_10.alma.1.x86_64
DEBUG util.py:537:  util-linux-2.32.1-48.el8_10.x86_64
DEBUG util.py:537:  make-4.2.1-11.el8.x86_64
DEBUG util.py:688:  Child return code was: 0
DEBUG util.py:200:  kill orphans in chroot /var/lib/mock/alma+epel-8-x86_64/root
DEBUG util.py:200:  kill orphans in chroot /var/lib/mock/alma+epel-8-x86_64-bootstrap/root/var/lib/mock/alma+epel-8-x86_64/root
DEBUG util.py:717:  child environment: None
DEBUG util.py:636:  Executing command: ['/bin/umount', '-n', '-l', '/var/lib/mock/alma+epel-8-x86_64-bootstrap/root/var/lib/mock/alma+epel-8-x86_64/root'] with env {'TERM': 'vt100', 'SHELL': '/bin/sh', 'HOME': '/builddir', 'HOSTNAME': 'mock', 'PATH': '/usr/bin:/bin:/usr/sbin:/sbin', 'LANG': 'C.UTF-8'} and shell False
DEBUG util.py:688:  Child return code was: 0
DEBUG util.py:717:  child environment: None
DEBUG util.py:636:  Executing command: ['/bin/umount', '-n', '-l', '/var/lib/mock/alma+epel-8-x86_64-bootstrap/root/var/lib/mock/alma+epel-8-x86_64/root'] with env {'TERM': 'vt100', 'SHELL': '/bin/sh', 'HOME': '/builddir', 'HOSTNAME': 'mock', 'PATH': '/usr/bin:/bin:/usr/sbin:/sbin', 'LANG': 'C.UTF-8'} and shell False
DEBUG util.py:688:  Child return code was: 0
DEBUG util.py:717:  child environment: None
DEBUG util.py:631:  Using nspawn with args ['--capability=cap_ipc_lock', '--bind=/dev/mapper/control', '--bind=/dev/fuse', '--bind=/dev/loop-control', '--bind=/dev/loop0', '--bind=/dev/loop1', '--bind=/dev/loop2', '--bind=/dev/loop3', '--bind=/dev/loop4', '--bind=/dev/loop5', '--bind=/dev/loop6', '--bind=/dev/loop7', '--bind=/dev/loop8', '--bind=/dev/loop9', '--bind=/dev/loop10', '--bind=/dev/loop11', '--resolv-conf=off']
DEBUG util.py:636:  Executing command: ['/usr/bin/systemd-nspawn', '-q', '-M', '626ef67748db44c1b4f0c33f24185ce4', '-D', '/var/lib/mock/alma+epel-8-x86_64/root', '-a', '--capability=cap_ipc_lock', '--bind=/dev/mapper/control', '--bind=/dev/fuse', '--bind=/dev/loop-control', '--bind=/dev/loop0', '--bind=/dev/loop1', '--bind=/dev/loop2', '--bind=/dev/loop3', '--bind=/dev/loop4', '--bind=/dev/loop5', '--bind=/dev/loop6', '--bind=/dev/loop7', '--bind=/dev/loop8', '--bind=/dev/loop9', '--bind=/dev/loop10', '--bind=/dev/loop11', '--resolv-conf=off', '--setenv=TERM=vt100', '--setenv=SHELL=/bin/bash', '--setenv=HOME=/builddir', '--setenv=HOSTNAME=mock', '--setenv=PATH=/usr/bin:/bin:/usr/sbin:/sbin', '--setenv=PROMPT_COMMAND=printf "\\033]0;<mock-chroot>\\007"', '--setenv=PS1=<mock-chroot> \\s-\\v\\$ ', '--setenv=LANG=C.UTF-8', '/bin/sh', '-c', 'rpmbuild --help'] with env {'TERM': 'vt100', 'SHELL': '/bin/bash', 'HOME': '/builddir', 'HOSTNAME': 'mock', 'PATH': '/usr/bin:/bin:/usr/sbin:/sbin', 'PROMPT_COMMAND': 'printf "\\033]0;<mock-chroot>\\007"', 'PS1': '<mock-chroot> \\s-\\v\\$ ', 'LANG': 'C.UTF-8', 'SYSTEMD_NSPAWN_TMPFS_TMP': '0', 'SYSTEMD_SECCOMP': '0'} and shell False
DEBUG util.py:537:  Usage: rpmbuild [OPTION...]
DEBUG util.py:537:  Build options with [ <specfile> | <tarball> | <source package> ]:
DEBUG util.py:537:        -bp                        build through %prep (unpack sources and apply
DEBUG util.py:537:                                   patches) from <specfile>
DEBUG util.py:537:        -bc                        build through %build (%prep, then compile)
DEBUG util.py:537:                                   from <specfile>
DEBUG util.py:537:        -bi                        build through %install (%prep, %build, then
DEBUG util.py:537:                                   install) from <specfile>
DEBUG util.py:537:        -bl                        verify %files section from <specfile>
DEBUG util.py:537:        -ba                        build source and binary packages from
DEBUG util.py:537:                                   <specfile>
DEBUG util.py:537:        -bb                        build binary package only from <specfile>
DEBUG util.py:537:        -bs                        build source package only from <specfile>
DEBUG util.py:537:        -rp                        build through %prep (unpack sources and apply
DEBUG util.py:537:                                   patches) from <source package>
DEBUG util.py:537:        -rc                        build through %build (%prep, then compile)
DEBUG util.py:537:                                   from <source package>
DEBUG util.py:537:        -ri                        build through %install (%prep, %build, then
DEBUG util.py:537:                                   install) from <source package>
DEBUG util.py:537:        -rl                        verify %files section from <source package>
DEBUG util.py:537:        -ra                        build source and binary packages from <source
DEBUG util.py:537:                                   package>
DEBUG util.py:537:        -rb                        build binary package only from <source
DEBUG util.py:537:                                   package>
DEBUG util.py:537:        -rs                        build source package only from <source
DEBUG util.py:537:                                   package>
DEBUG util.py:537:        -tp                        build through %prep (unpack sources and apply
DEBUG util.py:537:                                   patches) from <tarball>
DEBUG util.py:537:        -tc                        build through %build (%prep, then compile)
DEBUG util.py:537:                                   from <tarball>
DEBUG util.py:537:        -ti                        build through %install (%prep, %build, then
DEBUG util.py:537:                                   install) from <tarball>
DEBUG util.py:537:        -ta                        build source and binary packages from
DEBUG util.py:537:                                   <tarball>
DEBUG util.py:537:        -tb                        build binary package only from <tarball>
DEBUG util.py:537:        -ts                        build source package only from <tarball>
DEBUG util.py:537:        --rebuild                  build binary package from <source package>
DEBUG util.py:537:        --recompile                build through %install (%prep, %build, then
DEBUG util.py:537:                                   install) from <source package>
DEBUG util.py:537:        --buildroot=DIRECTORY      override build root
DEBUG util.py:537:        --build-in-place           run build in current directory
DEBUG util.py:537:        --clean                    remove build tree when done
DEBUG util.py:537:        --nobuild                  do not execute any stages of the build
DEBUG util.py:537:        --nodeps                   do not verify build dependencies
DEBUG util.py:537:        --nodirtokens              generate package header(s) compatible with
DEBUG util.py:537:                                   (legacy) rpm v3 packaging
DEBUG util.py:537:        --noclean                  do not execute %clean stage of the build
DEBUG util.py:537:        --noprep                   do not execute %prep stage of the build
DEBUG util.py:537:        --nocheck                  do not execute %check stage of the build
DEBUG util.py:537:        --rmsource                 remove sources when done
DEBUG util.py:537:        --rmspec                   remove specfile when done
DEBUG util.py:537:        --short-circuit            skip straight to specified stage (only for
DEBUG util.py:537:                                   c,i)
DEBUG util.py:537:        --target=CPU-VENDOR-OS     override target platform
DEBUG util.py:537:  Common options for all rpm modes and executables:
DEBUG util.py:537:    -D, --define='MACRO EXPR'      define MACRO with value EXPR
DEBUG util.py:537:        --undefine=MACRO           undefine MACRO
DEBUG util.py:537:    -E, --eval='EXPR'              print macro expansion of EXPR
DEBUG util.py:537:        --target=CPU-VENDOR-OS     Specify target platform
DEBUG util.py:537:        --macros=<FILE:...>        read <FILE:...> instead of default file(s)
DEBUG util.py:537:        --noplugins                don't enable any plugins
DEBUG util.py:537:        --nodigest                 don't verify package digest(s)
DEBUG util.py:537:        --nosignature              don't verify package signature(s)
DEBUG util.py:537:        --rcfile=<FILE:...>        read <FILE:...> instead of default file(s)
DEBUG util.py:537:    -r, --root=ROOT                use ROOT as top level directory (default: "/")
DEBUG util.py:537:        --dbpath=DIRECTORY         use database in DIRECTORY
DEBUG util.py:537:        --querytags                display known query tags
DEBUG util.py:537:        --showrc                   display final rpmrc and macro configuration
DEBUG util.py:537:        --quiet                    provide less detailed output
DEBUG util.py:537:    -v, --verbose                  provide more detailed output
DEBUG util.py:537:        --version                  print the version of rpm being used
DEBUG util.py:537:  Options implemented via popt alias/exec:
DEBUG util.py:537:        --with=<option>            enable configure <option> for build
DEBUG util.py:537:        --without=<option>         disable configure <option> for build
DEBUG util.py:537:        --buildpolicy=<policy>     set buildroot <policy> (e.g. compress man
DEBUG util.py:537:                                   pages)
DEBUG util.py:537:        --sign                     generate GPG signature (deprecated, use
DEBUG util.py:537:                                   command rpmsign instead)
DEBUG util.py:537:        --nodebuginfo              do not generate debuginfo for this package
DEBUG util.py:537:  Help options:
DEBUG util.py:537:    -?, --help                     Show this help message
DEBUG util.py:537:        --usage                    Display brief usage message
DEBUG util.py:688:  Child return code was: 0
DEBUG util.py:717:  child environment: None
DEBUG file_util.py:17:  ensuring that dir exists: /var/lib/mock/alma+epel-8-x86_64/root/proc
DEBUG util.py:717:  child environment: None
DEBUG util.py:636:  Executing command: ['/bin/mount', '-n', '-t', 'tmpfs', '-o', 'rprivate,mode=0755', 'tmpfs', '/var/lib/mock/alma+epel-8-x86_64/root/proc'] with env {'TERM': 'vt100', 'SHELL': '/bin/sh', 'HOME': '/builddir', 'HOSTNAME': 'mock', 'PATH': '/usr/bin:/bin:/usr/sbin:/sbin', 'LANG': 'C.UTF-8'} and shell False
DEBUG util.py:688:  Child return code was: 0
DEBUG file_util.py:17:  ensuring that dir exists: /var/lib/mock/alma+epel-8-x86_64/root/proc
DEBUG util.py:717:  child environment: None
DEBUG util.py:636:  Executing command: ['/bin/mount', '-n', '-o', 'rbind', '/proc', '/var/lib/mock/alma+epel-8-x86_64/root/proc'] with env {'TERM': 'vt100', 'SHELL': '/bin/sh', 'HOME': '/builddir', 'HOSTNAME': 'mock', 'PATH': '/usr/bin:/bin:/usr/sbin:/sbin', 'LANG': 'C.UTF-8'} and shell False
DEBUG util.py:688:  Child return code was: 0
DEBUG util.py:717:  child environment: None
DEBUG util.py:636:  Executing command: ['/bin/mount', '-n', '-o', 'remount,nodev,noexec,nosuid,readonly,rprivate,rbind', '--target', '/var/lib/mock/alma+epel-8-x86_64/root/proc'] with env {'TERM': 'vt100', 'SHELL': '/bin/sh', 'HOME': '/builddir', 'HOSTNAME': 'mock', 'PATH': '/usr/bin:/bin:/usr/sbin:/sbin', 'LANG': 'C.UTF-8'} and shell False
DEBUG util.py:688:  Child return code was: 0
DEBUG file_util.py:17:  ensuring that dir exists: /var/lib/mock/alma+epel-8-x86_64/root/sys
DEBUG util.py:717:  child environment: None
DEBUG util.py:636:  Executing command: ['/bin/mount', '-n', '-t', 'tmpfs', '-o', 'rprivate,mode=0755', 'tmpfs', '/var/lib/mock/alma+epel-8-x86_64/root/sys'] with env {'TERM': 'vt100', 'SHELL': '/bin/sh', 'HOME': '/builddir', 'HOSTNAME': 'mock', 'PATH': '/usr/bin:/bin:/usr/sbin:/sbin', 'LANG': 'C.UTF-8'} and shell False
DEBUG util.py:688:  Child return code was: 0
DEBUG file_util.py:17:  ensuring that dir exists: /var/lib/mock/alma+epel-8-x86_64/root/sys
DEBUG util.py:717:  child environment: None
DEBUG util.py:636:  Executing command: ['/bin/mount', '-n', '-o', 'rbind', '/sys', '/var/lib/mock/alma+epel-8-x86_64/root/sys'] with env {'TERM': 'vt100', 'SHELL': '/bin/sh', 'HOME': '/builddir', 'HOSTNAME': 'mock', 'PATH': '/usr/bin:/bin:/usr/sbin:/sbin', 'LANG': 'C.UTF-8'} and shell False
DEBUG util.py:688:  Child return code was: 0
DEBUG util.py:717:  child environment: None
DEBUG util.py:636:  Executing command: ['/bin/mount', '-n', '-o', 'remount,nodev,noexec,nosuid,readonly,rprivate,rbind', '--target', '/var/lib/mock/alma+epel-8-x86_64/root/sys'] with env {'TERM': 'vt100', 'SHELL': '/bin/sh', 'HOME': '/builddir', 'HOSTNAME': 'mock', 'PATH': '/usr/bin:/bin:/usr/sbin:/sbin', 'LANG': 'C.UTF-8'} and shell False
DEBUG util.py:688:  Child return code was: 0
DEBUG file_util.py:17:  ensuring that dir exists: /var/lib/mock/alma+epel-8-x86_64/root/dev/shm
DEBUG util.py:717:  child environment: None
DEBUG util.py:636:  Executing command: ['/bin/mount', '-n', '-t', 'tmpfs', 'tmpfs', '/var/lib/mock/alma+epel-8-x86_64/root/dev/shm'] with env {'TERM': 'vt100', 'SHELL': '/bin/sh', 'HOME': '/builddir', 'HOSTNAME': 'mock', 'PATH': '/usr/bin:/bin:/usr/sbin:/sbin', 'LANG': 'C.UTF-8'} and shell False
DEBUG util.py:688:  Child return code was: 0
DEBUG file_util.py:17:  ensuring that dir exists: /var/lib/mock/alma+epel-8-x86_64/root/dev/pts
DEBUG util.py:717:  child environment: None
DEBUG util.py:636:  Executing command: ['/bin/mount', '-n', '-t', 'devpts', '-o', 'gid=5,mode=0620,ptmxmode=0666,newinstance', 'devpts', '/var/lib/mock/alma+epel-8-x86_64/root/dev/pts'] with env {'TERM': 'vt100', 'SHELL': '/bin/sh', 'HOME': '/builddir', 'HOSTNAME': 'mock', 'PATH': '/usr/bin:/bin:/usr/sbin:/sbin', 'LANG': 'C.UTF-8'} and shell False
DEBUG util.py:688:  Child return code was: 0
DEBUG util.py:717:  child environment: None
DEBUG util.py:636:  Executing command: ['/bin/mount', '-n', '-o', 'bind', '/tmp/mock-selinux-plugin.lx8zcq8b', '/var/lib/mock/alma+epel-8-x86_64/root/proc/filesystems'] with env {'TERM': 'vt100', 'SHELL': '/bin/sh', 'HOME': '/builddir', 'HOSTNAME': 'mock', 'PATH': '/usr/bin:/bin:/usr/sbin:/sbin', 'LANG': 'C.UTF-8'} and shell False
DEBUG util.py:688:  Child return code was: 0
DEBUG file_util.py:17:  ensuring that dir exists: /var/lib/mock/alma+epel-8-x86_64/root/sys/fs/selinux
DEBUG util.py:717:  child environment: None
DEBUG util.py:636:  Executing command: ['/bin/mount', '-n', '-t', 'tmpfs', 'tmpfs', '/var/lib/mock/alma+epel-8-x86_64/root/sys/fs/selinux'] with env {'TERM': 'vt100', 'SHELL': '/bin/sh', 'HOME': '/builddir', 'HOSTNAME': 'mock', 'PATH': '/usr/bin:/bin:/usr/sbin:/sbin', 'LANG': 'C.UTF-8'} and shell False
DEBUG util.py:688:  Child return code was: 0
DEBUG file_util.py:17:  ensuring that dir exists: /var/lib/mock/alma+epel-8-x86_64-bootstrap/root/var/lib/mock/alma+epel-8-x86_64/root
DEBUG util.py:717:  child environment: None
DEBUG util.py:636:  Executing command: ['/bin/mount', '-n', '-t', 'tmpfs', '-o', 'private,mode=0755', 'tmpfs', '/var/lib/mock/alma+epel-8-x86_64-bootstrap/root/var/lib/mock/alma+epel-8-x86_64/root'] with env {'TERM': 'vt100', 'SHELL': '/bin/sh', 'HOME': '/builddir', 'HOSTNAME': 'mock', 'PATH': '/usr/bin:/bin:/usr/sbin:/sbin', 'LANG': 'C.UTF-8'} and shell False
DEBUG util.py:688:  Child return code was: 0
DEBUG file_util.py:17:  ensuring that dir exists: /var/lib/mock/alma+epel-8-x86_64-bootstrap/root/var/lib/mock/alma+epel-8-x86_64/root
DEBUG util.py:717:  child environment: None
DEBUG util.py:636:  Executing command: ['/bin/mount', '-n', '-o', 'rbind', '/var/lib/mock/alma+epel-8-x86_64/root', '/var/lib/mock/alma+epel-8-x86_64-bootstrap/root/var/lib/mock/alma+epel-8-x86_64/root'] with env {'TERM': 'vt100', 'SHELL': '/bin/sh', 'HOME': '/builddir', 'HOSTNAME': 'mock', 'PATH': '/usr/bin:/bin:/usr/sbin:/sbin', 'LANG': 'C.UTF-8'} and shell False
DEBUG util.py:688:  Child return code was: 0
DEBUG util.py:717:  child environment: None
DEBUG util.py:636:  Executing command: ['/bin/mount', '-n', '-o', 'remount,private,rbind', '--target', '/var/lib/mock/alma+epel-8-x86_64-bootstrap/root/var/lib/mock/alma+epel-8-x86_64/root'] with env {'TERM': 'vt100', 'SHELL': '/bin/sh', 'HOME': '/builddir', 'HOSTNAME': 'mock', 'PATH': '/usr/bin:/bin:/usr/sbin:/sbin', 'LANG': 'C.UTF-8'} and shell False
DEBUG util.py:688:  Child return code was: 0
DEBUG file_util.py:17:  ensuring that dir exists: /var/lib/mock/alma+epel-8-x86_64/root/installation-homedir
DEBUG package_manager.py:296:  ['/usr/bin/dnf-3', 'builddep', '--installroot', '/var/lib/mock/alma+epel-8-x86_64/root/', '--releasever', '8', '--setopt=deltarpm=False', '--setopt=allow_vendor_change=yes', '--allowerasing', '--disableplugin=local', '--disableplugin=spacewalk', '--disableplugin=versionlock', '/var/lib/mock/alma+epel-8-x86_64/root//builddir/build/SRPMS/modsecurity-3.0.17-1.el8.src.rpm']
DEBUG util.py:717:  child environment: None
DEBUG util.py:631:  Using nspawn with args ['--capability=cap_ipc_lock', '--resolv-conf=off']
DEBUG util.py:636:  Executing command: ['/usr/bin/systemd-nspawn', '-q', '-M', '8f2e3c634e5344e9a64d3bac9fed0a4b', '-D', '/var/lib/mock/alma+epel-8-x86_64-bootstrap/root', '-a', '--capability=cap_ipc_lock', '--resolv-conf=off', '--setenv=TERM=vt100', '--setenv=SHELL=/bin/bash', '--setenv=HOME=/var/lib/mock/alma+epel-8-x86_64/root/installation-homedir', '--setenv=HOSTNAME=mock', '--setenv=PATH=/usr/bin:/bin:/usr/sbin:/sbin', '--setenv=PROMPT_COMMAND=printf "\\033]0;<mock-chroot>\\007"', '--setenv=PS1=<mock-chroot> \\s-\\v\\$ ', '--setenv=LANG=C.UTF-8', '--setenv=LC_MESSAGES=C.UTF-8', '/usr/bin/dnf-3', 'builddep', '--installroot', '/var/lib/mock/alma+epel-8-x86_64/root/', '--releasever', '8', '--setopt=deltarpm=False', '--setopt=allow_vendor_change=yes', '--allowerasing', '--disableplugin=local', '--disableplugin=spacewalk', '--disableplugin=versionlock', '/var/lib/mock/alma+epel-8-x86_64/root//builddir/build/SRPMS/modsecurity-3.0.17-1.el8.src.rpm', '--setopt=tsflags=nocontexts'] with env {'TERM': 'vt100', 'SHELL': '/bin/bash', 'HOME': '/var/lib/mock/alma+epel-8-x86_64/root/installation-homedir', 'HOSTNAME': 'mock', 'PATH': '/usr/bin:/bin:/usr/sbin:/sbin', 'PROMPT_COMMAND': 'printf "\\033]0;<mock-chroot>\\007"', 'PS1': '<mock-chroot> \\s-\\v\\$ ', 'LANG': 'C.UTF-8', 'LC_MESSAGES': 'C.UTF-8', 'SYSTEMD_NSPAWN_TMPFS_TMP': '0', 'SYSTEMD_SECCOMP': '0'} and shell False
DEBUG util.py:535:  No matches found for the following disable plugin patterns: local, spacewalk, versionlock
DEBUG util.py:537:  AlmaLinux 8 - BaseOS                                                                                                                                         4.1 kB/s | 3.8 kB     00:00    
DEBUG util.py:537:  AlmaLinux 8 - AppStream                                                                                                                                      4.9 kB/s | 4.3 kB     00:00    
DEBUG util.py:537:  AlmaLinux 8 - PowerTools                                                                                                                                     4.8 kB/s | 4.2 kB     00:00    
DEBUG util.py:537:  AlmaLinux 8 - Extras                                                                                                                                         3.8 kB/s | 3.3 kB     00:00    
DEBUG util.py:537:  Extra Packages for Enterprise Linux 8 - x86_64                                                                                                               9.5 kB/s | 4.4 kB     00:00    
DEBUG util.py:537:  mock-localrepo                                                                                                                                               2.9 MB/s | 3.0 kB     00:00    
DEBUG util.py:537:  Package gcc-8.5.0-28.el8_10.alma.1.x86_64 is already installed.
DEBUG util.py:537:  Package gcc-c++-8.5.0-28.el8_10.alma.1.x86_64 is already installed.
DEBUG util.py:537:  Package make-1:4.2.1-11.el8.x86_64 is already installed.
DEBUG util.py:537:  Package pkgconf-pkg-config-1.4.2-1.el8.x86_64 is already installed.
DEBUG util.py:537:  Dependencies resolved.
DEBUG util.py:537:  =============================================================================================================================================================================================
DEBUG util.py:537:   Package                                         Architecture                    Version                                                           Repository                           Size
DEBUG util.py:537:  =============================================================================================================================================================================================
DEBUG util.py:537:  Installing:
DEBUG util.py:537:   autoconf                                        noarch                          2.69-29.el8_10.1                                                  appstream                           710 k
DEBUG util.py:537:   automake                                        noarch                          1.16.1-8.el8                                                      appstream                           713 k
DEBUG util.py:537:   git                                             x86_64                          2.43.7-1.el8_10                                                   appstream                            92 k
DEBUG util.py:537:   libcurl-devel                                   x86_64                          7.61.1-34.el8_10.13                                               baseos                              836 k
DEBUG util.py:537:   libtool                                         x86_64                          2.4.6-25.el8                                                      appstream                           708 k
DEBUG util.py:537:   libxml2-devel                                   x86_64                          2.9.7-21.el8_10.9                                                 appstream                           1.0 M
DEBUG util.py:537:   lmdb-devel                                      x86_64                          0.9.24-2.el8                                                      powertools                           26 k
DEBUG util.py:537:   pcre2-devel                                     x86_64                          10.32-3.el8_6                                                     baseos                              604 k
DEBUG util.py:537:   yajl-devel                                      x86_64                          2.1.0-12.el8                                                      powertools                           18 k
DEBUG util.py:537:   zlib-devel                                      x86_64                          1.2.11-25.el8                                                     baseos                               57 k
DEBUG util.py:537:  Installing dependencies:
DEBUG util.py:537:   cmake-filesystem                                x86_64                          3.26.5-2.el8                                                      appstream                            44 k
DEBUG util.py:537:   emacs-filesystem                                noarch                          1:26.1-15.el8_10                                                  baseos                               70 k
DEBUG util.py:537:   git-core                                        x86_64                          2.43.7-1.el8_10                                                   appstream                            11 M
DEBUG util.py:537:   git-core-doc                                    noarch                          2.43.7-1.el8_10                                                   appstream                           3.1 M
DEBUG util.py:537:   groff-base                                      x86_64                          1.22.3-18.el8                                                     baseos                              1.0 M
DEBUG util.py:537:   less                                            x86_64                          530-3.el8_10                                                      baseos                              163 k
DEBUG util.py:537:   libedit                                         x86_64                          3.1-23.20170329cvs.el8                                            baseos                              102 k
DEBUG util.py:537:   lmdb-libs                                       x86_64                          0.9.24-2.el8                                                      baseos                               57 k
DEBUG util.py:537:   m4                                              x86_64                          1.4.18-7.el8                                                      baseos                              222 k
DEBUG util.py:537:   openssh                                         x86_64                          8.0p1-33.el8_10                                                   baseos                              503 k
DEBUG util.py:537:   openssh-clients                                 x86_64                          8.0p1-33.el8_10                                                   baseos                              701 k
DEBUG util.py:537:   openssl                                         x86_64                          1:1.1.1k-17.el8_6                                                 baseos                              711 k
DEBUG util.py:537:   pcre2-utf16                                     x86_64                          10.32-3.el8_6                                                     baseos                              228 k
DEBUG util.py:537:   pcre2-utf32                                     x86_64                          10.32-3.el8_6                                                     baseos                              219 k
DEBUG util.py:537:   perl-Carp                                       noarch                          1.42-396.el8                                                      baseos                               30 k
DEBUG util.py:537:   perl-Data-Dumper                                x86_64                          2.167-399.el8                                                     baseos                               58 k
DEBUG util.py:537:   perl-Digest                                     noarch                          1.17-395.el8                                                      baseos                               27 k
DEBUG util.py:537:   perl-Digest-MD5                                 x86_64                          2.55-396.el8                                                      baseos                               37 k
DEBUG util.py:537:   perl-Encode                                     x86_64                          4:2.97-3.el8                                                      baseos                              1.5 M
DEBUG util.py:537:   perl-Errno                                      x86_64                          1.28-423.el8_10.1                                                 baseos                               76 k
DEBUG util.py:537:   perl-Error                                      noarch                          1:0.17025-2.el8                                                   appstream                            46 k
DEBUG util.py:537:   perl-Exporter                                   noarch                          5.72-396.el8                                                      baseos                               34 k
DEBUG util.py:537:   perl-File-Path                                  noarch                          2.15-2.el8                                                        baseos                               38 k
DEBUG util.py:537:   perl-File-Temp                                  noarch                          0.230.600-1.el8                                                   baseos                               62 k
DEBUG util.py:537:   perl-Getopt-Long                                noarch                          1:2.50-4.el8                                                      baseos                               63 k
DEBUG util.py:537:   perl-Git                                        noarch                          2.43.7-1.el8_10                                                   appstream                            78 k
DEBUG util.py:537:   perl-HTTP-Tiny                                  noarch                          0.074-3.el8                                                       baseos                               58 k
DEBUG util.py:537:   perl-IO                                         x86_64                          1.38-423.el8_10.1                                                 baseos                              141 k
DEBUG util.py:537:   perl-IO-Socket-IP                               noarch                          0.39-5.el8                                                        baseos                               47 k
DEBUG util.py:537:   perl-IO-Socket-SSL                              noarch                          2.066-4.module_el8.6.0+2811+fe6c84b0                              appstream                           297 k
DEBUG util.py:537:   perl-MIME-Base64                                x86_64                          3.15-396.el8                                                      baseos                               30 k
DEBUG util.py:537:   perl-Mozilla-CA                                 noarch                          20160104-7.module_el8.5.0+2812+ed912d05                           appstream                            14 k
DEBUG util.py:537:   perl-Net-SSLeay                                 x86_64                          1.88-2.module_el8.6.0+2811+fe6c84b0                               appstream                           378 k
DEBUG util.py:537:   perl-PathTools                                  x86_64                          3.74-1.el8                                                        baseos                               90 k
DEBUG util.py:537:   perl-Pod-Escapes                                noarch                          1:1.07-395.el8                                                    baseos                               20 k
DEBUG util.py:537:   perl-Pod-Perldoc                                noarch                          3.28-396.el8                                                      baseos                               86 k
DEBUG util.py:537:   perl-Pod-Simple                                 noarch                          1:3.35-395.el8                                                    baseos                              213 k
DEBUG util.py:537:   perl-Pod-Usage                                  noarch                          4:1.69-395.el8                                                    baseos                               34 k
DEBUG util.py:537:   perl-Scalar-List-Utils                          x86_64                          3:1.49-2.el8                                                      baseos                               68 k
DEBUG util.py:537:   perl-Socket                                     x86_64                          4:2.027-3.el8                                                     baseos                               59 k
DEBUG util.py:537:   perl-Storable                                   x86_64                          1:3.11-3.el8                                                      baseos                               98 k
DEBUG util.py:537:   perl-Term-ANSIColor                             noarch                          4.06-396.el8                                                      baseos                               46 k
DEBUG util.py:537:   perl-Term-Cap                                   noarch                          1.17-395.el8                                                      baseos                               23 k
DEBUG util.py:537:   perl-TermReadKey                                x86_64                          2.37-7.el8                                                        appstream                            40 k
DEBUG util.py:537:   perl-Text-ParseWords                            noarch                          3.30-395.el8                                                      baseos                               18 k
DEBUG util.py:537:   perl-Text-Tabs+Wrap                             noarch                          2013.0523-395.el8                                                 baseos                               24 k
DEBUG util.py:537:   perl-Thread-Queue                               noarch                          3.13-1.el8                                                        appstream                            24 k
DEBUG util.py:537:   perl-Time-Local                                 noarch                          1:1.280-1.el8                                                     baseos                               33 k
DEBUG util.py:537:   perl-URI                                        noarch                          1.73-3.el8                                                        baseos                              116 k
DEBUG util.py:537:   perl-Unicode-Normalize                          x86_64                          1.25-396.el8                                                      baseos                               82 k
DEBUG util.py:537:   perl-constant                                   noarch                          1.33-396.el8                                                      baseos                               25 k
DEBUG util.py:537:   perl-interpreter                                x86_64                          4:5.26.3-423.el8_10.1                                             baseos                              6.3 M
DEBUG util.py:537:   perl-libnet                                     noarch                          3.11-3.el8                                                        baseos                              121 k
DEBUG util.py:537:   perl-libs                                       x86_64                          4:5.26.3-423.el8_10.1                                             baseos                              1.6 M
DEBUG util.py:537:   perl-macros                                     x86_64                          4:5.26.3-423.el8_10.1                                             baseos                               72 k
DEBUG util.py:537:   perl-parent                                     noarch                          1:0.237-1.el8                                                     baseos                               20 k
DEBUG util.py:537:   perl-podlators                                  noarch                          4.11-1.el8                                                        baseos                              118 k
DEBUG util.py:537:   perl-threads                                    x86_64                          1:2.21-2.el8                                                      baseos                               61 k
DEBUG util.py:537:   perl-threads-shared                             x86_64                          1.58-2.el8                                                        baseos                               47 k
DEBUG util.py:537:   xz-devel                                        x86_64                          5.2.4-4.el8_6                                                     baseos                               62 k
DEBUG util.py:537:   yajl                                            x86_64                          2.1.0-12.el8                                                      appstream                            40 k
DEBUG util.py:537:  Enabling module streams:
DEBUG util.py:537:   perl                                                                            5.26                                                                                                       
DEBUG util.py:537:   perl-IO-Socket-SSL                                                              2.066                                                                                                      
DEBUG util.py:537:   perl-libwww-perl                                                                6.34                                                                                                       
DEBUG util.py:537:  Transaction Summary
DEBUG util.py:537:  =============================================================================================================================================================================================
DEBUG util.py:537:  Install  71 Packages
DEBUG util.py:537:  Total size: 35 M
DEBUG util.py:537:  Installed size: 112 M
DEBUG util.py:537:  Downloading Packages:
DEBUG util.py:537:  [SKIPPED] emacs-filesystem-26.1-15.el8_10.noarch.rpm: Already downloaded                                                                                                                    
DEBUG util.py:537:  [SKIPPED] groff-base-1.22.3-18.el8.x86_64.rpm: Already downloaded                                                                                                                           
DEBUG util.py:537:  [SKIPPED] less-530-3.el8_10.x86_64.rpm: Already downloaded                                                                                                                                  
DEBUG util.py:537:  [SKIPPED] libcurl-devel-7.61.1-34.el8_10.13.x86_64.rpm: Already downloaded                                                                                                                  
DEBUG util.py:537:  [SKIPPED] libedit-3.1-23.20170329cvs.el8.x86_64.rpm: Already downloaded                                                                                                                     
DEBUG util.py:537:  [SKIPPED] lmdb-libs-0.9.24-2.el8.x86_64.rpm: Already downloaded                                                                                                                             
DEBUG util.py:537:  [SKIPPED] m4-1.4.18-7.el8.x86_64.rpm: Already downloaded                                                                                                                                    
DEBUG util.py:537:  [SKIPPED] openssh-8.0p1-33.el8_10.x86_64.rpm: Already downloaded                                                                                                                            
DEBUG util.py:537:  [SKIPPED] openssh-clients-8.0p1-33.el8_10.x86_64.rpm: Already downloaded                                                                                                                    
DEBUG util.py:537:  [SKIPPED] openssl-1.1.1k-17.el8_6.x86_64.rpm: Already downloaded                                                                                                                            
DEBUG util.py:537:  [SKIPPED] pcre2-devel-10.32-3.el8_6.x86_64.rpm: Already downloaded                                                                                                                          
DEBUG util.py:537:  [SKIPPED] pcre2-utf16-10.32-3.el8_6.x86_64.rpm: Already downloaded                                                                                                                          
DEBUG util.py:537:  [SKIPPED] pcre2-utf32-10.32-3.el8_6.x86_64.rpm: Already downloaded                                                                                                                          
DEBUG util.py:537:  [SKIPPED] perl-Carp-1.42-396.el8.noarch.rpm: Already downloaded                                                                                                                             
DEBUG util.py:537:  [SKIPPED] perl-Data-Dumper-2.167-399.el8.x86_64.rpm: Already downloaded                                                                                                                     
DEBUG util.py:537:  [SKIPPED] perl-Digest-1.17-395.el8.noarch.rpm: Already downloaded                                                                                                                           
DEBUG util.py:537:  [SKIPPED] perl-Digest-MD5-2.55-396.el8.x86_64.rpm: Already downloaded                                                                                                                       
DEBUG util.py:537:  [SKIPPED] perl-Encode-2.97-3.el8.x86_64.rpm: Already downloaded                                                                                                                             
DEBUG util.py:537:  [SKIPPED] perl-Errno-1.28-423.el8_10.1.x86_64.rpm: Already downloaded                                                                                                                       
DEBUG util.py:537:  [SKIPPED] perl-Exporter-5.72-396.el8.noarch.rpm: Already downloaded                                                                                                                         
DEBUG util.py:537:  [SKIPPED] perl-File-Path-2.15-2.el8.noarch.rpm: Already downloaded                                                                                                                          
DEBUG util.py:537:  [SKIPPED] perl-File-Temp-0.230.600-1.el8.noarch.rpm: Already downloaded                                                                                                                     
DEBUG util.py:537:  [SKIPPED] perl-Getopt-Long-2.50-4.el8.noarch.rpm: Already downloaded                                                                                                                        
DEBUG util.py:537:  [SKIPPED] perl-HTTP-Tiny-0.074-3.el8.noarch.rpm: Already downloaded                                                                                                                         
DEBUG util.py:537:  [SKIPPED] perl-IO-1.38-423.el8_10.1.x86_64.rpm: Already downloaded                                                                                                                          
DEBUG util.py:537:  [SKIPPED] perl-IO-Socket-IP-0.39-5.el8.noarch.rpm: Already downloaded                                                                                                                       
DEBUG util.py:537:  [SKIPPED] perl-MIME-Base64-3.15-396.el8.x86_64.rpm: Already downloaded                                                                                                                      
DEBUG util.py:537:  [SKIPPED] perl-PathTools-3.74-1.el8.x86_64.rpm: Already downloaded                                                                                                                          
DEBUG util.py:537:  [SKIPPED] perl-Pod-Escapes-1.07-395.el8.noarch.rpm: Already downloaded                                                                                                                      
DEBUG util.py:537:  [SKIPPED] perl-Pod-Perldoc-3.28-396.el8.noarch.rpm: Already downloaded                                                                                                                      
DEBUG util.py:537:  [SKIPPED] perl-Pod-Simple-3.35-395.el8.noarch.rpm: Already downloaded                                                                                                                       
DEBUG util.py:537:  [SKIPPED] perl-Pod-Usage-1.69-395.el8.noarch.rpm: Already downloaded                                                                                                                        
DEBUG util.py:537:  [SKIPPED] perl-Scalar-List-Utils-1.49-2.el8.x86_64.rpm: Already downloaded                                                                                                                  
DEBUG util.py:537:  [SKIPPED] perl-Socket-2.027-3.el8.x86_64.rpm: Already downloaded                                                                                                                            
DEBUG util.py:537:  [SKIPPED] perl-Storable-3.11-3.el8.x86_64.rpm: Already downloaded                                                                                                                           
DEBUG util.py:537:  [SKIPPED] perl-Term-ANSIColor-4.06-396.el8.noarch.rpm: Already downloaded                                                                                                                   
DEBUG util.py:537:  [SKIPPED] perl-Term-Cap-1.17-395.el8.noarch.rpm: Already downloaded                                                                                                                         
DEBUG util.py:537:  [SKIPPED] perl-Text-ParseWords-3.30-395.el8.noarch.rpm: Already downloaded                                                                                                                  
DEBUG util.py:537:  [SKIPPED] perl-Text-Tabs+Wrap-2013.0523-395.el8.noarch.rpm: Already downloaded                                                                                                              
DEBUG util.py:537:  [SKIPPED] perl-Time-Local-1.280-1.el8.noarch.rpm: Already downloaded                                                                                                                        
DEBUG util.py:537:  [SKIPPED] perl-URI-1.73-3.el8.noarch.rpm: Already downloaded                                                                                                                                
DEBUG util.py:537:  [SKIPPED] perl-Unicode-Normalize-1.25-396.el8.x86_64.rpm: Already downloaded                                                                                                                
DEBUG util.py:537:  [SKIPPED] perl-constant-1.33-396.el8.noarch.rpm: Already downloaded                                                                                                                         
DEBUG util.py:537:  [SKIPPED] perl-interpreter-5.26.3-423.el8_10.1.x86_64.rpm: Already downloaded                                                                                                               
DEBUG util.py:537:  [SKIPPED] perl-libnet-3.11-3.el8.noarch.rpm: Already downloaded                                                                                                                             
DEBUG util.py:537:  [SKIPPED] perl-libs-5.26.3-423.el8_10.1.x86_64.rpm: Already downloaded                                                                                                                      
DEBUG util.py:537:  [SKIPPED] perl-macros-5.26.3-423.el8_10.1.x86_64.rpm: Already downloaded                                                                                                                    
DEBUG util.py:537:  [SKIPPED] perl-parent-0.237-1.el8.noarch.rpm: Already downloaded                                                                                                                            
DEBUG util.py:537:  [SKIPPED] perl-podlators-4.11-1.el8.noarch.rpm: Already downloaded                                                                                                                          
DEBUG util.py:537:  [SKIPPED] perl-threads-2.21-2.el8.x86_64.rpm: Already downloaded                                                                                                                            
DEBUG util.py:537:  [SKIPPED] perl-threads-shared-1.58-2.el8.x86_64.rpm: Already downloaded                                                                                                                     
DEBUG util.py:537:  [SKIPPED] xz-devel-5.2.4-4.el8_6.x86_64.rpm: Already downloaded                                                                                                                             
DEBUG util.py:537:  [SKIPPED] zlib-devel-1.2.11-25.el8.x86_64.rpm: Already downloaded                                                                                                                           
DEBUG util.py:537:  [SKIPPED] autoconf-2.69-29.el8_10.1.noarch.rpm: Already downloaded                                                                                                                          
DEBUG util.py:537:  [SKIPPED] automake-1.16.1-8.el8.noarch.rpm: Already downloaded                                                                                                                              
DEBUG util.py:537:  [SKIPPED] cmake-filesystem-3.26.5-2.el8.x86_64.rpm: Already downloaded                                                                                                                      
DEBUG util.py:537:  [SKIPPED] git-2.43.7-1.el8_10.x86_64.rpm: Already downloaded                                                                                                                                
DEBUG util.py:537:  [SKIPPED] git-core-2.43.7-1.el8_10.x86_64.rpm: Already downloaded                                                                                                                           
DEBUG util.py:537:  [SKIPPED] git-core-doc-2.43.7-1.el8_10.noarch.rpm: Already downloaded                                                                                                                       
DEBUG util.py:537:  [SKIPPED] libtool-2.4.6-25.el8.x86_64.rpm: Already downloaded                                                                                                                               
DEBUG util.py:537:  [SKIPPED] libxml2-devel-2.9.7-21.el8_10.9.x86_64.rpm: Already downloaded                                                                                                                    
DEBUG util.py:537:  [SKIPPED] perl-Error-0.17025-2.el8.noarch.rpm: Already downloaded                                                                                                                           
DEBUG util.py:537:  [SKIPPED] perl-Git-2.43.7-1.el8_10.noarch.rpm: Already downloaded                                                                                                                           
DEBUG util.py:537:  [SKIPPED] perl-IO-Socket-SSL-2.066-4.module_el8.6.0+2811+fe6c84b0.noarch.rpm: Already downloaded                                                                                            
DEBUG util.py:537:  [SKIPPED] perl-Mozilla-CA-20160104-7.module_el8.5.0+2812+ed912d05.noarch.rpm: Already downloaded                                                                                            
DEBUG util.py:537:  [SKIPPED] perl-Net-SSLeay-1.88-2.module_el8.6.0+2811+fe6c84b0.x86_64.rpm: Already downloaded                                                                                                
DEBUG util.py:537:  [SKIPPED] perl-TermReadKey-2.37-7.el8.x86_64.rpm: Already downloaded                                                                                                                        
DEBUG util.py:537:  [SKIPPED] perl-Thread-Queue-3.13-1.el8.noarch.rpm: Already downloaded                                                                                                                       
DEBUG util.py:537:  [SKIPPED] yajl-2.1.0-12.el8.x86_64.rpm: Already downloaded                                                                                                                                  
DEBUG util.py:537:  [SKIPPED] lmdb-devel-0.9.24-2.el8.x86_64.rpm: Already downloaded                                                                                                                            
DEBUG util.py:537:  [SKIPPED] yajl-devel-2.1.0-12.el8.x86_64.rpm: Already downloaded                                                                                                                            
DEBUG util.py:537:  Running transaction check
DEBUG util.py:537:  Transaction check succeeded.
DEBUG util.py:537:  Running transaction test
DEBUG util.py:537:  Transaction test succeeded.
DEBUG util.py:537:  Running transaction
DEBUG util.py:537:    Preparing        :                                                                                                                                                                     1/1 
DEBUG util.py:537:    Installing       : emacs-filesystem-1:26.1-15.el8_10.noarch                                                                                                                           1/71 
DEBUG util.py:537:    Installing       : yajl-2.1.0-12.el8.x86_64                                                                                                                                           2/71 
DEBUG util.py:537:    Installing       : cmake-filesystem-3.26.5-2.el8.x86_64                                                                                                                               3/71 
DEBUG util.py:537:    Installing       : zlib-devel-1.2.11-25.el8.x86_64                                                                                                                                    4/71 
DEBUG util.py:537:    Installing       : xz-devel-5.2.4-4.el8_6.x86_64                                                                                                                                      5/71 
DEBUG util.py:537:    Installing       : pcre2-utf32-10.32-3.el8_6.x86_64                                                                                                                                   6/71 
DEBUG util.py:537:    Installing       : pcre2-utf16-10.32-3.el8_6.x86_64                                                                                                                                   7/71 
DEBUG util.py:537:    Installing       : openssl-1:1.1.1k-17.el8_6.x86_64                                                                                                                                   8/71 
DEBUG util.py:537:    Running scriptlet: openssh-8.0p1-33.el8_10.x86_64                                                                                                                                     9/71 
DEBUG util.py:537:    Installing       : openssh-8.0p1-33.el8_10.x86_64                                                                                                                                     9/71 
DEBUG util.py:537:    Installing       : m4-1.4.18-7.el8.x86_64                                                                                                                                            10/71 
DEBUG util.py:537:    Running scriptlet: m4-1.4.18-7.el8.x86_64                                                                                                                                            10/71 
DEBUG util.py:537:    Installing       : lmdb-libs-0.9.24-2.el8.x86_64                                                                                                                                     11/71 
DEBUG util.py:537:    Installing       : libedit-3.1-23.20170329cvs.el8.x86_64                                                                                                                             12/71 
DEBUG util.py:537:    Installing       : openssh-clients-8.0p1-33.el8_10.x86_64                                                                                                                            13/71 
DEBUG util.py:537:    Installing       : less-530-3.el8_10.x86_64                                                                                                                                          14/71 
DEBUG util.py:537:    Installing       : git-core-2.43.7-1.el8_10.x86_64                                                                                                                                   15/71 
DEBUG util.py:537:    Installing       : git-core-doc-2.43.7-1.el8_10.noarch                                                                                                                               16/71 
DEBUG util.py:537:    Installing       : groff-base-1.22.3-18.el8.x86_64                                                                                                                                   17/71 
DEBUG util.py:537:    Installing       : perl-Digest-1.17-395.el8.noarch                                                                                                                                   18/71 
DEBUG util.py:537:    Installing       : perl-Digest-MD5-2.55-396.el8.x86_64                                                                                                                               19/71 
DEBUG util.py:537:    Installing       : perl-Data-Dumper-2.167-399.el8.x86_64                                                                                                                             20/71 
DEBUG util.py:537:    Installing       : perl-libnet-3.11-3.el8.noarch                                                                                                                                     21/71 
DEBUG util.py:537:    Installing       : perl-URI-1.73-3.el8.noarch                                                                                                                                        22/71 
DEBUG util.py:537:    Installing       : perl-Pod-Escapes-1:1.07-395.el8.noarch                                                                                                                            23/71 
DEBUG util.py:537:    Installing       : perl-IO-Socket-IP-0.39-5.el8.noarch                                                                                                                               24/71 
DEBUG util.py:537:    Installing       : perl-Time-Local-1:1.280-1.el8.noarch                                                                                                                              25/71 
DEBUG util.py:537:    Installing       : perl-Mozilla-CA-20160104-7.module_el8.5.0+2812+ed912d05.noarch                                                                                                    26/71 
DEBUG util.py:537:    Installing       : perl-IO-Socket-SSL-2.066-4.module_el8.6.0+2811+fe6c84b0.noarch                                                                                                    27/71 
DEBUG util.py:537:    Installing       : perl-Net-SSLeay-1.88-2.module_el8.6.0+2811+fe6c84b0.x86_64                                                                                                        28/71 
DEBUG util.py:537:    Installing       : perl-Term-ANSIColor-4.06-396.el8.noarch                                                                                                                           29/71 
DEBUG util.py:537:    Installing       : perl-Term-Cap-1.17-395.el8.noarch                                                                                                                                 30/71 
DEBUG util.py:537:    Installing       : perl-File-Temp-0.230.600-1.el8.noarch                                                                                                                             31/71 
DEBUG util.py:537:    Installing       : perl-HTTP-Tiny-0.074-3.el8.noarch                                                                                                                                 32/71 
DEBUG util.py:537:    Installing       : perl-Pod-Simple-1:3.35-395.el8.noarch                                                                                                                             33/71 
DEBUG util.py:537:    Installing       : perl-podlators-4.11-1.el8.noarch                                                                                                                                  34/71 
DEBUG util.py:537:    Installing       : perl-Pod-Perldoc-3.28-396.el8.noarch                                                                                                                              35/71 
DEBUG util.py:537:    Installing       : perl-Text-ParseWords-3.30-395.el8.noarch                                                                                                                          36/71 
DEBUG util.py:537:    Installing       : perl-Pod-Usage-4:1.69-395.el8.noarch                                                                                                                              37/71 
DEBUG util.py:537:    Installing       : perl-MIME-Base64-3.15-396.el8.x86_64                                                                                                                              38/71 
DEBUG util.py:537:    Installing       : perl-Storable-1:3.11-3.el8.x86_64                                                                                                                                 39/71 
DEBUG util.py:537:    Installing       : perl-Getopt-Long-1:2.50-4.el8.noarch                                                                                                                              40/71 
DEBUG util.py:537:    Installing       : perl-Errno-1.28-423.el8_10.1.x86_64                                                                                                                               41/71 
DEBUG util.py:537:    Installing       : perl-Socket-4:2.027-3.el8.x86_64                                                                                                                                  42/71 
DEBUG util.py:537:    Installing       : perl-Encode-4:2.97-3.el8.x86_64                                                                                                                                   43/71 
DEBUG util.py:537:    Installing       : perl-Carp-1.42-396.el8.noarch                                                                                                                                     44/71 
DEBUG util.py:537:    Installing       : perl-Exporter-5.72-396.el8.noarch                                                                                                                                 45/71 
DEBUG util.py:537:    Installing       : perl-libs-4:5.26.3-423.el8_10.1.x86_64                                                                                                                            46/71 
DEBUG util.py:537:    Installing       : perl-Scalar-List-Utils-3:1.49-2.el8.x86_64                                                                                                                        47/71 
DEBUG util.py:537:    Installing       : perl-parent-1:0.237-1.el8.noarch                                                                                                                                  48/71 
DEBUG util.py:537:    Installing       : perl-macros-4:5.26.3-423.el8_10.1.x86_64                                                                                                                          49/71 
DEBUG util.py:537:    Installing       : perl-Text-Tabs+Wrap-2013.0523-395.el8.noarch                                                                                                                      50/71 
DEBUG util.py:537:    Installing       : perl-Unicode-Normalize-1.25-396.el8.x86_64                                                                                                                        51/71 
DEBUG util.py:537:    Installing       : perl-File-Path-2.15-2.el8.noarch                                                                                                                                  52/71 
DEBUG util.py:537:    Installing       : perl-IO-1.38-423.el8_10.1.x86_64                                                                                                                                  53/71 
DEBUG util.py:537:    Installing       : perl-PathTools-3.74-1.el8.x86_64                                                                                                                                  54/71 
DEBUG util.py:537:    Installing       : perl-constant-1.33-396.el8.noarch                                                                                                                                 55/71 
DEBUG util.py:537:    Installing       : perl-threads-1:2.21-2.el8.x86_64                                                                                                                                  56/71 
DEBUG util.py:537:    Installing       : perl-threads-shared-1.58-2.el8.x86_64                                                                                                                             57/71 
DEBUG util.py:537:    Installing       : perl-interpreter-4:5.26.3-423.el8_10.1.x86_64                                                                                                                     58/71 
DEBUG util.py:537:    Installing       : autoconf-2.69-29.el8_10.1.noarch                                                                                                                                  59/71 
DEBUG util.py:537:    Running scriptlet: autoconf-2.69-29.el8_10.1.noarch                                                                                                                                  59/71 
DEBUG util.py:537:    Installing       : perl-Error-1:0.17025-2.el8.noarch                                                                                                                                 60/71 
DEBUG util.py:537:    Installing       : perl-TermReadKey-2.37-7.el8.x86_64                                                                                                                                61/71 
DEBUG util.py:537:    Installing       : perl-Git-2.43.7-1.el8_10.noarch                                                                                                                                   62/71 
DEBUG util.py:537:    Installing       : git-2.43.7-1.el8_10.x86_64                                                                                                                                        63/71 
DEBUG util.py:537:    Installing       : perl-Thread-Queue-3.13-1.el8.noarch                                                                                                                               64/71 
DEBUG util.py:537:    Installing       : automake-1.16.1-8.el8.noarch                                                                                                                                      65/71 
DEBUG util.py:537:    Installing       : libtool-2.4.6-25.el8.x86_64                                                                                                                                       66/71 
DEBUG util.py:537:    Running scriptlet: libtool-2.4.6-25.el8.x86_64                                                                                                                                       66/71 
DEBUG util.py:537:    Installing       : lmdb-devel-0.9.24-2.el8.x86_64                                                                                                                                    67/71 
DEBUG util.py:537:    Installing       : pcre2-devel-10.32-3.el8_6.x86_64                                                                                                                                  68/71 
DEBUG util.py:537:    Installing       : libxml2-devel-2.9.7-21.el8_10.9.x86_64                                                                                                                            69/71 
DEBUG util.py:537:    Installing       : yajl-devel-2.1.0-12.el8.x86_64                                                                                                                                    70/71 
DEBUG util.py:537:    Installing       : libcurl-devel-7.61.1-34.el8_10.13.x86_64                                                                                                                          71/71 
DEBUG util.py:537:    Running scriptlet: libcurl-devel-7.61.1-34.el8_10.13.x86_64                                                                                                                          71/71 
DEBUG util.py:537:    Verifying        : emacs-filesystem-1:26.1-15.el8_10.noarch                                                                                                                           1/71 
DEBUG util.py:537:    Verifying        : groff-base-1.22.3-18.el8.x86_64                                                                                                                                    2/71 
DEBUG util.py:537:    Verifying        : less-530-3.el8_10.x86_64                                                                                                                                           3/71 
DEBUG util.py:537:    Verifying        : libcurl-devel-7.61.1-34.el8_10.13.x86_64                                                                                                                           4/71 
DEBUG util.py:537:    Verifying        : libedit-3.1-23.20170329cvs.el8.x86_64                                                                                                                              5/71 
DEBUG util.py:537:    Verifying        : lmdb-libs-0.9.24-2.el8.x86_64                                                                                                                                      6/71 
DEBUG util.py:537:    Verifying        : m4-1.4.18-7.el8.x86_64                                                                                                                                             7/71 
DEBUG util.py:537:    Verifying        : openssh-8.0p1-33.el8_10.x86_64                                                                                                                                     8/71 
DEBUG util.py:537:    Verifying        : openssh-clients-8.0p1-33.el8_10.x86_64                                                                                                                             9/71 
DEBUG util.py:537:    Verifying        : openssl-1:1.1.1k-17.el8_6.x86_64                                                                                                                                  10/71 
DEBUG util.py:537:    Verifying        : pcre2-devel-10.32-3.el8_6.x86_64                                                                                                                                  11/71 
DEBUG util.py:537:    Verifying        : pcre2-utf16-10.32-3.el8_6.x86_64                                                                                                                                  12/71 
DEBUG util.py:537:    Verifying        : pcre2-utf32-10.32-3.el8_6.x86_64                                                                                                                                  13/71 
DEBUG util.py:537:    Verifying        : perl-Carp-1.42-396.el8.noarch                                                                                                                                     14/71 
DEBUG util.py:537:    Verifying        : perl-Data-Dumper-2.167-399.el8.x86_64                                                                                                                             15/71 
DEBUG util.py:537:    Verifying        : perl-Digest-1.17-395.el8.noarch                                                                                                                                   16/71 
DEBUG util.py:537:    Verifying        : perl-Digest-MD5-2.55-396.el8.x86_64                                                                                                                               17/71 
DEBUG util.py:537:    Verifying        : perl-Encode-4:2.97-3.el8.x86_64                                                                                                                                   18/71 
DEBUG util.py:537:    Verifying        : perl-Errno-1.28-423.el8_10.1.x86_64                                                                                                                               19/71 
DEBUG util.py:537:    Verifying        : perl-Exporter-5.72-396.el8.noarch                                                                                                                                 20/71 
DEBUG util.py:537:    Verifying        : perl-File-Path-2.15-2.el8.noarch                                                                                                                                  21/71 
DEBUG util.py:537:    Verifying        : perl-File-Temp-0.230.600-1.el8.noarch                                                                                                                             22/71 
DEBUG util.py:537:    Verifying        : perl-Getopt-Long-1:2.50-4.el8.noarch                                                                                                                              23/71 
DEBUG util.py:537:    Verifying        : perl-HTTP-Tiny-0.074-3.el8.noarch                                                                                                                                 24/71 
DEBUG util.py:537:    Verifying        : perl-IO-1.38-423.el8_10.1.x86_64                                                                                                                                  25/71 
DEBUG util.py:537:    Verifying        : perl-IO-Socket-IP-0.39-5.el8.noarch                                                                                                                               26/71 
DEBUG util.py:537:    Verifying        : perl-MIME-Base64-3.15-396.el8.x86_64                                                                                                                              27/71 
DEBUG util.py:537:    Verifying        : perl-PathTools-3.74-1.el8.x86_64                                                                                                                                  28/71 
DEBUG util.py:537:    Verifying        : perl-Pod-Escapes-1:1.07-395.el8.noarch                                                                                                                            29/71 
DEBUG util.py:537:    Verifying        : perl-Pod-Perldoc-3.28-396.el8.noarch                                                                                                                              30/71 
DEBUG util.py:537:    Verifying        : perl-Pod-Simple-1:3.35-395.el8.noarch                                                                                                                             31/71 
DEBUG util.py:537:    Verifying        : perl-Pod-Usage-4:1.69-395.el8.noarch                                                                                                                              32/71 
DEBUG util.py:537:    Verifying        : perl-Scalar-List-Utils-3:1.49-2.el8.x86_64                                                                                                                        33/71 
DEBUG util.py:537:    Verifying        : perl-Socket-4:2.027-3.el8.x86_64                                                                                                                                  34/71 
DEBUG util.py:537:    Verifying        : perl-Storable-1:3.11-3.el8.x86_64                                                                                                                                 35/71 
DEBUG util.py:537:    Verifying        : perl-Term-ANSIColor-4.06-396.el8.noarch                                                                                                                           36/71 
DEBUG util.py:537:    Verifying        : perl-Term-Cap-1.17-395.el8.noarch                                                                                                                                 37/71 
DEBUG util.py:537:    Verifying        : perl-Text-ParseWords-3.30-395.el8.noarch                                                                                                                          38/71 
DEBUG util.py:537:    Verifying        : perl-Text-Tabs+Wrap-2013.0523-395.el8.noarch                                                                                                                      39/71 
DEBUG util.py:537:    Verifying        : perl-Time-Local-1:1.280-1.el8.noarch                                                                                                                              40/71 
DEBUG util.py:537:    Verifying        : perl-URI-1.73-3.el8.noarch                                                                                                                                        41/71 
DEBUG util.py:537:    Verifying        : perl-Unicode-Normalize-1.25-396.el8.x86_64                                                                                                                        42/71 
DEBUG util.py:537:    Verifying        : perl-constant-1.33-396.el8.noarch                                                                                                                                 43/71 
DEBUG util.py:537:    Verifying        : perl-interpreter-4:5.26.3-423.el8_10.1.x86_64                                                                                                                     44/71 
DEBUG util.py:537:    Verifying        : perl-libnet-3.11-3.el8.noarch                                                                                                                                     45/71 
DEBUG util.py:537:    Verifying        : perl-libs-4:5.26.3-423.el8_10.1.x86_64                                                                                                                            46/71 
DEBUG util.py:537:    Verifying        : perl-macros-4:5.26.3-423.el8_10.1.x86_64                                                                                                                          47/71 
DEBUG util.py:537:    Verifying        : perl-parent-1:0.237-1.el8.noarch                                                                                                                                  48/71 
DEBUG util.py:537:    Verifying        : perl-podlators-4.11-1.el8.noarch                                                                                                                                  49/71 
DEBUG util.py:537:    Verifying        : perl-threads-1:2.21-2.el8.x86_64                                                                                                                                  50/71 
DEBUG util.py:537:    Verifying        : perl-threads-shared-1.58-2.el8.x86_64                                                                                                                             51/71 
DEBUG util.py:537:    Verifying        : xz-devel-5.2.4-4.el8_6.x86_64                                                                                                                                     52/71 
DEBUG util.py:537:    Verifying        : zlib-devel-1.2.11-25.el8.x86_64                                                                                                                                   53/71 
DEBUG util.py:537:    Verifying        : autoconf-2.69-29.el8_10.1.noarch                                                                                                                                  54/71 
DEBUG util.py:537:    Verifying        : automake-1.16.1-8.el8.noarch                                                                                                                                      55/71 
DEBUG util.py:537:    Verifying        : cmake-filesystem-3.26.5-2.el8.x86_64                                                                                                                              56/71 
DEBUG util.py:537:    Verifying        : git-2.43.7-1.el8_10.x86_64                                                                                                                                        57/71 
DEBUG util.py:537:    Verifying        : git-core-2.43.7-1.el8_10.x86_64                                                                                                                                   58/71 
DEBUG util.py:537:    Verifying        : git-core-doc-2.43.7-1.el8_10.noarch                                                                                                                               59/71 
DEBUG util.py:537:    Verifying        : libtool-2.4.6-25.el8.x86_64                                                                                                                                       60/71 
DEBUG util.py:537:    Verifying        : libxml2-devel-2.9.7-21.el8_10.9.x86_64                                                                                                                            61/71 
DEBUG util.py:537:    Verifying        : perl-Error-1:0.17025-2.el8.noarch                                                                                                                                 62/71 
DEBUG util.py:537:    Verifying        : perl-Git-2.43.7-1.el8_10.noarch                                                                                                                                   63/71 
DEBUG util.py:537:    Verifying        : perl-IO-Socket-SSL-2.066-4.module_el8.6.0+2811+fe6c84b0.noarch                                                                                                    64/71 
DEBUG util.py:537:    Verifying        : perl-Mozilla-CA-20160104-7.module_el8.5.0+2812+ed912d05.noarch                                                                                                    65/71 
DEBUG util.py:537:    Verifying        : perl-Net-SSLeay-1.88-2.module_el8.6.0+2811+fe6c84b0.x86_64                                                                                                        66/71 
DEBUG util.py:537:    Verifying        : perl-TermReadKey-2.37-7.el8.x86_64                                                                                                                                67/71 
DEBUG util.py:537:    Verifying        : perl-Thread-Queue-3.13-1.el8.noarch                                                                                                                               68/71 
DEBUG util.py:537:    Verifying        : yajl-2.1.0-12.el8.x86_64                                                                                                                                          69/71 
DEBUG util.py:537:    Verifying        : lmdb-devel-0.9.24-2.el8.x86_64                                                                                                                                    70/71 
DEBUG util.py:537:    Verifying        : yajl-devel-2.1.0-12.el8.x86_64                                                                                                                                    71/71 
DEBUG util.py:537:  Installed:
DEBUG util.py:537:    autoconf-2.69-29.el8_10.1.noarch                                    automake-1.16.1-8.el8.noarch                                        cmake-filesystem-3.26.5-2.el8.x86_64              
DEBUG util.py:537:    emacs-filesystem-1:26.1-15.el8_10.noarch                            git-2.43.7-1.el8_10.x86_64                                          git-core-2.43.7-1.el8_10.x86_64                   
DEBUG util.py:537:    git-core-doc-2.43.7-1.el8_10.noarch                                 groff-base-1.22.3-18.el8.x86_64                                     less-530-3.el8_10.x86_64                          
DEBUG util.py:537:    libcurl-devel-7.61.1-34.el8_10.13.x86_64                            libedit-3.1-23.20170329cvs.el8.x86_64                               libtool-2.4.6-25.el8.x86_64                       
DEBUG util.py:537:    libxml2-devel-2.9.7-21.el8_10.9.x86_64                              lmdb-devel-0.9.24-2.el8.x86_64                                      lmdb-libs-0.9.24-2.el8.x86_64                     
DEBUG util.py:537:    m4-1.4.18-7.el8.x86_64                                              openssh-8.0p1-33.el8_10.x86_64                                      openssh-clients-8.0p1-33.el8_10.x86_64            
DEBUG util.py:537:    openssl-1:1.1.1k-17.el8_6.x86_64                                    pcre2-devel-10.32-3.el8_6.x86_64                                    pcre2-utf16-10.32-3.el8_6.x86_64                  
DEBUG util.py:537:    pcre2-utf32-10.32-3.el8_6.x86_64                                    perl-Carp-1.42-396.el8.noarch                                       perl-Data-Dumper-2.167-399.el8.x86_64             
DEBUG util.py:537:    perl-Digest-1.17-395.el8.noarch                                     perl-Digest-MD5-2.55-396.el8.x86_64                                 perl-Encode-4:2.97-3.el8.x86_64                   
DEBUG util.py:537:    perl-Errno-1.28-423.el8_10.1.x86_64                                 perl-Error-1:0.17025-2.el8.noarch                                   perl-Exporter-5.72-396.el8.noarch                 
DEBUG util.py:537:    perl-File-Path-2.15-2.el8.noarch                                    perl-File-Temp-0.230.600-1.el8.noarch                               perl-Getopt-Long-1:2.50-4.el8.noarch              
DEBUG util.py:537:    perl-Git-2.43.7-1.el8_10.noarch                                     perl-HTTP-Tiny-0.074-3.el8.noarch                                   perl-IO-1.38-423.el8_10.1.x86_64                  
DEBUG util.py:537:    perl-IO-Socket-IP-0.39-5.el8.noarch                                 perl-IO-Socket-SSL-2.066-4.module_el8.6.0+2811+fe6c84b0.noarch      perl-MIME-Base64-3.15-396.el8.x86_64              
DEBUG util.py:537:    perl-Mozilla-CA-20160104-7.module_el8.5.0+2812+ed912d05.noarch      perl-Net-SSLeay-1.88-2.module_el8.6.0+2811+fe6c84b0.x86_64          perl-PathTools-3.74-1.el8.x86_64                  
DEBUG util.py:537:    perl-Pod-Escapes-1:1.07-395.el8.noarch                              perl-Pod-Perldoc-3.28-396.el8.noarch                                perl-Pod-Simple-1:3.35-395.el8.noarch             
DEBUG util.py:537:    perl-Pod-Usage-4:1.69-395.el8.noarch                                perl-Scalar-List-Utils-3:1.49-2.el8.x86_64                          perl-Socket-4:2.027-3.el8.x86_64                  
DEBUG util.py:537:    perl-Storable-1:3.11-3.el8.x86_64                                   perl-Term-ANSIColor-4.06-396.el8.noarch                             perl-Term-Cap-1.17-395.el8.noarch                 
DEBUG util.py:537:    perl-TermReadKey-2.37-7.el8.x86_64                                  perl-Text-ParseWords-3.30-395.el8.noarch                            perl-Text-Tabs+Wrap-2013.0523-395.el8.noarch      
DEBUG util.py:537:    perl-Thread-Queue-3.13-1.el8.noarch                                 perl-Time-Local-1:1.280-1.el8.noarch                                perl-URI-1.73-3.el8.noarch                        
DEBUG util.py:537:    perl-Unicode-Normalize-1.25-396.el8.x86_64                          perl-constant-1.33-396.el8.noarch                                   perl-interpreter-4:5.26.3-423.el8_10.1.x86_64     
DEBUG util.py:537:    perl-libnet-3.11-3.el8.noarch                                       perl-libs-4:5.26.3-423.el8_10.1.x86_64                              perl-macros-4:5.26.3-423.el8_10.1.x86_64          
DEBUG util.py:537:    perl-parent-1:0.237-1.el8.noarch                                    perl-podlators-4.11-1.el8.noarch                                    perl-threads-1:2.21-2.el8.x86_64                  
DEBUG util.py:537:    perl-threads-shared-1.58-2.el8.x86_64                               xz-devel-5.2.4-4.el8_6.x86_64                                       yajl-2.1.0-12.el8.x86_64                          
DEBUG util.py:537:    yajl-devel-2.1.0-12.el8.x86_64                                      zlib-devel-1.2.11-25.el8.x86_64                                    
DEBUG util.py:537:  Complete!
DEBUG util.py:688:  Child return code was: 0
DEBUG util.py:200:  kill orphans in chroot /var/lib/mock/alma+epel-8-x86_64/root
DEBUG util.py:200:  kill orphans in chroot /var/lib/mock/alma+epel-8-x86_64-bootstrap/root/var/lib/mock/alma+epel-8-x86_64/root
DEBUG util.py:717:  child environment: None
DEBUG util.py:636:  Executing command: ['/bin/umount', '-n', '-l', '/var/lib/mock/alma+epel-8-x86_64-bootstrap/root/var/lib/mock/alma+epel-8-x86_64/root'] with env {'TERM': 'vt100', 'SHELL': '/bin/sh', 'HOME': '/builddir', 'HOSTNAME': 'mock', 'PATH': '/usr/bin:/bin:/usr/sbin:/sbin', 'LANG': 'C.UTF-8'} and shell False
DEBUG util.py:688:  Child return code was: 0
DEBUG util.py:717:  child environment: None
DEBUG util.py:636:  Executing command: ['/bin/umount', '-n', '-l', '/var/lib/mock/alma+epel-8-x86_64-bootstrap/root/var/lib/mock/alma+epel-8-x86_64/root'] with env {'TERM': 'vt100', 'SHELL': '/bin/sh', 'HOME': '/builddir', 'HOSTNAME': 'mock', 'PATH': '/usr/bin:/bin:/usr/sbin:/sbin', 'LANG': 'C.UTF-8'} and shell False
DEBUG util.py:688:  Child return code was: 0
DEBUG util.py:717:  child environment: None
DEBUG util.py:636:  Executing command: ['/bin/umount', '-n', '-l', '/var/lib/mock/alma+epel-8-x86_64/root/sys/fs/selinux'] with env {'TERM': 'vt100', 'SHELL': '/bin/sh', 'HOME': '/builddir', 'HOSTNAME': 'mock', 'PATH': '/usr/bin:/bin:/usr/sbin:/sbin', 'LANG': 'C.UTF-8'} and shell False
DEBUG util.py:688:  Child return code was: 0
DEBUG util.py:717:  child environment: None
DEBUG util.py:636:  Executing command: ['/bin/umount', '-n', '/var/lib/mock/alma+epel-8-x86_64/root/proc/filesystems'] with env {'TERM': 'vt100', 'SHELL': '/bin/sh', 'HOME': '/builddir', 'HOSTNAME': 'mock', 'PATH': '/usr/bin:/bin:/usr/sbin:/sbin', 'LANG': 'C.UTF-8'} and shell False
DEBUG util.py:688:  Child return code was: 0
DEBUG util.py:717:  child environment: None
DEBUG util.py:636:  Executing command: ['/bin/umount', '-n', '-l', '/var/lib/mock/alma+epel-8-x86_64/root/dev/pts'] with env {'TERM': 'vt100', 'SHELL': '/bin/sh', 'HOME': '/builddir', 'HOSTNAME': 'mock', 'PATH': '/usr/bin:/bin:/usr/sbin:/sbin', 'LANG': 'C.UTF-8'} and shell False
DEBUG util.py:688:  Child return code was: 0
DEBUG util.py:717:  child environment: None
DEBUG util.py:636:  Executing command: ['/bin/umount', '-n', '-l', '/var/lib/mock/alma+epel-8-x86_64/root/dev/shm'] with env {'TERM': 'vt100', 'SHELL': '/bin/sh', 'HOME': '/builddir', 'HOSTNAME': 'mock', 'PATH': '/usr/bin:/bin:/usr/sbin:/sbin', 'LANG': 'C.UTF-8'} and shell False
DEBUG util.py:688:  Child return code was: 0
DEBUG util.py:717:  child environment: None
DEBUG util.py:636:  Executing command: ['/bin/umount', '-n', '-l', '/var/lib/mock/alma+epel-8-x86_64/root/sys'] with env {'TERM': 'vt100', 'SHELL': '/bin/sh', 'HOME': '/builddir', 'HOSTNAME': 'mock', 'PATH': '/usr/bin:/bin:/usr/sbin:/sbin', 'LANG': 'C.UTF-8'} and shell False
DEBUG util.py:688:  Child return code was: 0
DEBUG util.py:717:  child environment: None
DEBUG util.py:636:  Executing command: ['/bin/umount', '-n', '-l', '/var/lib/mock/alma+epel-8-x86_64/root/sys'] with env {'TERM': 'vt100', 'SHELL': '/bin/sh', 'HOME': '/builddir', 'HOSTNAME': 'mock', 'PATH': '/usr/bin:/bin:/usr/sbin:/sbin', 'LANG': 'C.UTF-8'} and shell False
DEBUG util.py:688:  Child return code was: 0
DEBUG util.py:717:  child environment: None
DEBUG util.py:636:  Executing command: ['/bin/umount', '-n', '-l', '/var/lib/mock/alma+epel-8-x86_64/root/proc'] with env {'TERM': 'vt100', 'SHELL': '/bin/sh', 'HOME': '/builddir', 'HOSTNAME': 'mock', 'PATH': '/usr/bin:/bin:/usr/sbin:/sbin', 'LANG': 'C.UTF-8'} and shell False
DEBUG util.py:688:  Child return code was: 0
DEBUG util.py:717:  child environment: None
DEBUG util.py:636:  Executing command: ['/bin/umount', '-n', '-l', '/var/lib/mock/alma+epel-8-x86_64/root/proc'] with env {'TERM': 'vt100', 'SHELL': '/bin/sh', 'HOME': '/builddir', 'HOSTNAME': 'mock', 'PATH': '/usr/bin:/bin:/usr/sbin:/sbin', 'LANG': 'C.UTF-8'} and shell False
DEBUG util.py:688:  Child return code was: 0
DEBUG file_util.py:17:  ensuring that dir exists: /var/lib/mock/alma+epel-8-x86_64-bootstrap/root/var/lib/mock/alma+epel-8-x86_64/root
DEBUG util.py:717:  child environment: None
DEBUG util.py:636:  Executing command: ['/bin/mount', '-n', '-t', 'tmpfs', '-o', 'private,mode=0755', 'tmpfs', '/var/lib/mock/alma+epel-8-x86_64-bootstrap/root/var/lib/mock/alma+epel-8-x86_64/root'] with env {'TERM': 'vt100', 'SHELL': '/bin/sh', 'HOME': '/builddir', 'HOSTNAME': 'mock', 'PATH': '/usr/bin:/bin:/usr/sbin:/sbin', 'LANG': 'C.UTF-8'} and shell False
DEBUG util.py:688:  Child return code was: 0
DEBUG file_util.py:17:  ensuring that dir exists: /var/lib/mock/alma+epel-8-x86_64-bootstrap/root/var/lib/mock/alma+epel-8-x86_64/root
DEBUG util.py:717:  child environment: None
DEBUG util.py:636:  Executing command: ['/bin/mount', '-n', '-o', 'rbind', '/var/lib/mock/alma+epel-8-x86_64/root', '/var/lib/mock/alma+epel-8-x86_64-bootstrap/root/var/lib/mock/alma+epel-8-x86_64/root'] with env {'TERM': 'vt100', 'SHELL': '/bin/sh', 'HOME': '/builddir', 'HOSTNAME': 'mock', 'PATH': '/usr/bin:/bin:/usr/sbin:/sbin', 'LANG': 'C.UTF-8'} and shell False
DEBUG util.py:688:  Child return code was: 0
DEBUG util.py:717:  child environment: None
DEBUG util.py:636:  Executing command: ['/bin/mount', '-n', '-o', 'remount,private,rbind', '--target', '/var/lib/mock/alma+epel-8-x86_64-bootstrap/root/var/lib/mock/alma+epel-8-x86_64/root'] with env {'TERM': 'vt100', 'SHELL': '/bin/sh', 'HOME': '/builddir', 'HOSTNAME': 'mock', 'PATH': '/usr/bin:/bin:/usr/sbin:/sbin', 'LANG': 'C.UTF-8'} and shell False
DEBUG util.py:688:  Child return code was: 0
DEBUG util.py:717:  child environment: None
DEBUG util.py:631:  Using nspawn with args ['--capability=cap_ipc_lock', '--resolv-conf=off']
DEBUG util.py:636:  Executing command: ['/usr/bin/systemd-nspawn', '-q', '-M', '95059106c91c466e80d0d061602e40cc', '-D', '/var/lib/mock/alma+epel-8-x86_64-bootstrap/root', '-a', '--capability=cap_ipc_lock', '--resolv-conf=off', '--setenv=TERM=vt100', '--setenv=SHELL=/bin/bash', '--setenv=HOME=/builddir', '--setenv=HOSTNAME=mock', '--setenv=PATH=/usr/bin:/bin:/usr/sbin:/sbin', '--setenv=PROMPT_COMMAND=printf "\\033]0;<mock-chroot>\\007"', '--setenv=PS1=<mock-chroot> \\s-\\v\\$ ', '--setenv=LANG=C.UTF-8', '/bin/rpm', '-qa', '--root', '/var/lib/mock/alma+epel-8-x86_64/root'] with env {'TERM': 'vt100', 'SHELL': '/bin/bash', 'HOME': '/builddir', 'HOSTNAME': 'mock', 'PATH': '/usr/bin:/bin:/usr/sbin:/sbin', 'PROMPT_COMMAND': 'printf "\\033]0;<mock-chroot>\\007"', 'PS1': '<mock-chroot> \\s-\\v\\$ ', 'LANG': 'C.UTF-8', 'SYSTEMD_NSPAWN_TMPFS_TMP': '0', 'SYSTEMD_SECCOMP': '0'} and shell False
DEBUG util.py:537:  gpg-pubkey-ced7258b-6525146f
DEBUG util.py:537:  libgcc-8.5.0-28.el8_10.alma.1.x86_64
DEBUG util.py:537:  crypto-policies-20230731-1.git3177e06.el8.noarch
DEBUG util.py:537:  python3-setuptools-wheel-39.2.0-9.el8_10.noarch
DEBUG util.py:537:  almalinux-release-8.10-1.el8.x86_64
DEBUG util.py:537:  filesystem-3.8-6.el8.x86_64
DEBUG util.py:537:  python3-rpm-macros-3-45.el8.noarch
DEBUG util.py:537:  ansible-srpm-macros-1-12.el8.noarch
DEBUG util.py:537:  qt5-srpm-macros-5.15.3-1.el8.noarch
DEBUG util.py:537:  openblas-srpm-macros-2-2.el8.noarch
DEBUG util.py:537:  go-srpm-macros-2-17.el8.noarch
DEBUG util.py:537:  tzdata-2026c-1.el8_10.noarch
DEBUG util.py:537:  pkgconf-m4-1.4.2-1.el8.noarch
DEBUG util.py:537:  pcre2-10.32-3.el8_6.x86_64
DEBUG util.py:537:  glibc-all-langpacks-2.28-251.el8_10.40.x86_64
DEBUG util.py:537:  glibc-gconv-extra-2.28-251.el8_10.40.x86_64
DEBUG util.py:537:  glibc-2.28-251.el8_10.40.x86_64
DEBUG util.py:537:  libsepol-2.9-3.el8.x86_64
DEBUG util.py:537:  info-6.5-7.el8.x86_64
DEBUG util.py:537:  xz-libs-5.2.4-4.el8_6.x86_64
DEBUG util.py:537:  libacl-2.4.0-1.el8_10.x86_64
DEBUG util.py:537:  libxcrypt-4.1.1-6.el8.x86_64
DEBUG util.py:537:  elfutils-libelf-0.190-2.el8.alma.1.x86_64
DEBUG util.py:537:  readline-7.0-10.el8.x86_64
DEBUG util.py:537:  libcap-2.48-6.el8_10.1.x86_64
DEBUG util.py:537:  sed-4.5-5.el8_10.x86_64
DEBUG util.py:537:  libuuid-2.32.1-48.el8_10.x86_64
DEBUG util.py:537:  libunistring-0.9.9-3.el8.x86_64
DEBUG util.py:537:  libgpg-error-1.31-1.el8.x86_64
DEBUG util.py:537:  p11-kit-0.23.22-2.el8.x86_64
DEBUG util.py:537:  libmpc-1.1.0-9.1.el8.x86_64
DEBUG util.py:537:  libattr-2.6.0-1.el8_10.x86_64
DEBUG util.py:537:  libgcrypt-1.8.5-8.el8_10.x86_64
DEBUG util.py:537:  findutils-4.6.0-24.el8_10.x86_64
DEBUG util.py:537:  elfutils-libs-0.190-2.el8.alma.1.x86_64
DEBUG util.py:537:  gdbm-libs-1.18-2.el8.x86_64
DEBUG util.py:537:  libcap-ng-0.7.11-1.el8.x86_64
DEBUG util.py:537:  libtasn1-4.13-6.el8_10.x86_64
DEBUG util.py:537:  lz4-libs-1.8.3-5.el8_10.x86_64
DEBUG util.py:537:  grep-3.1-6.el8.x86_64
DEBUG util.py:537:  libsemanage-2.9-12.el8_10.x86_64
DEBUG util.py:537:  elfutils-0.190-2.el8.alma.1.x86_64
DEBUG util.py:537:  patch-2.7.6-11.el8.x86_64
DEBUG util.py:537:  libpsl-0.20.2-6.el8.x86_64
DEBUG util.py:537:  libksba-1.3.5-9.el8_7.x86_64
DEBUG util.py:537:  libstdc++-devel-8.5.0-28.el8_10.alma.1.x86_64
DEBUG util.py:537:  tar-1.30-13.el8_10.x86_64
DEBUG util.py:537:  gnutls-3.6.16-8.el8_10.6.x86_64
DEBUG util.py:537:  libxml2-2.9.7-21.el8_10.9.x86_64
DEBUG util.py:537:  coreutils-common-8.30-21.el8_10.x86_64
DEBUG util.py:537:  libgomp-8.5.0-28.el8_10.alma.1.x86_64
DEBUG util.py:537:  cpio-2.12-11.el8.x86_64
DEBUG util.py:537:  libpkgconf-1.4.2-1.el8.x86_64
DEBUG util.py:537:  pkgconf-pkg-config-1.4.2-1.el8.x86_64
DEBUG util.py:537:  gawk-4.2.1-4.el8.x86_64
DEBUG util.py:537:  libtool-ltdl-2.4.6-25.el8.x86_64
DEBUG util.py:537:  ncurses-6.1-10.20180224.el8.x86_64
DEBUG util.py:537:  coreutils-8.30-21.el8_10.x86_64
DEBUG util.py:537:  libdb-5.3.28-42.el8_4.x86_64
DEBUG util.py:537:  libtirpc-1.1.4-12.el8_10.x86_64
DEBUG util.py:537:  libmount-2.32.1-48.el8_10.x86_64
DEBUG util.py:537:  libnsl2-1.2.0-2.20180605git4a062cf.el8.x86_64
DEBUG util.py:537:  platform-python-3.6.8-78.el8_10.alma.1.x86_64
DEBUG util.py:537:  binutils-2.30-128.el8_10.x86_64
DEBUG util.py:537:  cracklib-2.9.6-15.el8.x86_64
DEBUG util.py:537:  shadow-utils-4.6-23.el8_10.x86_64
DEBUG util.py:537:  tpm2-tss-2.3.2-6.el8.x86_64
DEBUG util.py:537:  libpwquality-1.4.4-6.el8.x86_64
DEBUG util.py:537:  libusbx-1.0.30-1.el8_10.x86_64
DEBUG util.py:537:  libbabeltrace-1.5.4-4.el8.x86_64
DEBUG util.py:537:  cyrus-sasl-lib-2.1.27-6.el8_5.x86_64
DEBUG util.py:537:  libdb-utils-5.3.28-42.el8_4.x86_64
DEBUG util.py:537:  npth-1.5-4.el8.x86_64
DEBUG util.py:537:  libatomic_ops-7.6.2-3.el8.x86_64
DEBUG util.py:537:  guile-2.0.14-7.el8.x86_64
DEBUG util.py:537:  libssh-config-0.9.6-17.el8_10.noarch
DEBUG util.py:537:  libcurl-7.61.1-34.el8_10.13.x86_64
DEBUG util.py:537:  rpm-libs-4.14.3-32.el8_10.x86_64
DEBUG util.py:537:  efi-srpm-macros-3-3.el8.noarch
DEBUG util.py:537:  rpm-build-libs-4.14.3-32.el8_10.x86_64
DEBUG util.py:537:  kernel-headers-4.18.0-553.169.1.el8_10.x86_64
DEBUG util.py:537:  glibc-devel-2.28-251.el8_10.40.x86_64
DEBUG util.py:537:  gcc-8.5.0-28.el8_10.alma.1.x86_64
DEBUG util.py:537:  gcc-plugin-annobin-8.5.0-28.el8_10.alma.1.x86_64
DEBUG util.py:537:  rpm-build-4.14.3-32.el8_10.x86_64
DEBUG util.py:537:  epel-rpm-macros-8-43.noarch
DEBUG util.py:537:  which-2.21-21.el8_10.x86_64
DEBUG util.py:537:  emacs-filesystem-26.1-15.el8_10.noarch
DEBUG util.py:537:  cmake-filesystem-3.26.5-2.el8.x86_64
DEBUG util.py:537:  xz-devel-5.2.4-4.el8_6.x86_64
DEBUG util.py:537:  pcre2-utf16-10.32-3.el8_6.x86_64
DEBUG util.py:537:  openssh-8.0p1-33.el8_10.x86_64
DEBUG util.py:537:  lmdb-libs-0.9.24-2.el8.x86_64
DEBUG util.py:537:  openssh-clients-8.0p1-33.el8_10.x86_64
DEBUG util.py:537:  git-core-2.43.7-1.el8_10.x86_64
DEBUG util.py:537:  groff-base-1.22.3-18.el8.x86_64
DEBUG util.py:537:  perl-Digest-MD5-2.55-396.el8.x86_64
DEBUG util.py:537:  perl-libnet-3.11-3.el8.noarch
DEBUG util.py:537:  perl-Pod-Escapes-1.07-395.el8.noarch
DEBUG util.py:537:  perl-Time-Local-1.280-1.el8.noarch
DEBUG util.py:537:  perl-IO-Socket-SSL-2.066-4.module_el8.6.0+2811+fe6c84b0.noarch
DEBUG util.py:537:  perl-Term-ANSIColor-4.06-396.el8.noarch
DEBUG util.py:537:  perl-File-Temp-0.230.600-1.el8.noarch
DEBUG util.py:537:  perl-Pod-Simple-3.35-395.el8.noarch
DEBUG util.py:537:  perl-Pod-Perldoc-3.28-396.el8.noarch
DEBUG util.py:537:  perl-Pod-Usage-1.69-395.el8.noarch
DEBUG util.py:537:  perl-Storable-3.11-3.el8.x86_64
DEBUG util.py:537:  perl-Errno-1.28-423.el8_10.1.x86_64
DEBUG util.py:537:  perl-Encode-2.97-3.el8.x86_64
DEBUG util.py:537:  perl-Exporter-5.72-396.el8.noarch
DEBUG util.py:537:  perl-Scalar-List-Utils-1.49-2.el8.x86_64
DEBUG util.py:537:  perl-macros-5.26.3-423.el8_10.1.x86_64
DEBUG util.py:537:  perl-Unicode-Normalize-1.25-396.el8.x86_64
DEBUG util.py:537:  perl-IO-1.38-423.el8_10.1.x86_64
DEBUG util.py:537:  perl-constant-1.33-396.el8.noarch
DEBUG util.py:537:  perl-threads-shared-1.58-2.el8.x86_64
DEBUG util.py:537:  autoconf-2.69-29.el8_10.1.noarch
DEBUG util.py:537:  perl-TermReadKey-2.37-7.el8.x86_64
DEBUG util.py:537:  git-2.43.7-1.el8_10.x86_64
DEBUG util.py:537:  automake-1.16.1-8.el8.noarch
DEBUG util.py:537:  lmdb-devel-0.9.24-2.el8.x86_64
DEBUG util.py:537:  libxml2-devel-2.9.7-21.el8_10.9.x86_64
DEBUG util.py:537:  libcurl-devel-7.61.1-34.el8_10.13.x86_64
DEBUG util.py:537:  gpg-pubkey-3abb34f8-5ffd890e
DEBUG util.py:537:  gpg-pubkey-2f86d6a1-5cf7cefb
DEBUG util.py:537:  python-srpm-macros-3-45.el8.noarch
DEBUG util.py:537:  python-rpm-macros-3-45.el8.noarch
DEBUG util.py:537:  python3-pip-wheel-9.0.3-24.el8.noarch
DEBUG util.py:537:  setup-2.12.2-9.el8.noarch
DEBUG util.py:537:  basesystem-11-5.el8.noarch
DEBUG util.py:537:  fpc-srpm-macros-1.3-1.el8.noarch
DEBUG util.py:537:  rust-srpm-macros-5-2.el8.noarch
DEBUG util.py:537:  perl-srpm-macros-1-25.el8.noarch
DEBUG util.py:537:  ocaml-srpm-macros-5-4.el8.noarch
DEBUG util.py:537:  ghc-srpm-macros-1.4.2-7.el8.noarch
DEBUG util.py:537:  publicsuffix-list-dafsa-20180723-1.el8.noarch
DEBUG util.py:537:  ncurses-base-6.1-10.20180224.el8.noarch
DEBUG util.py:537:  libselinux-2.9-11.el8_10.x86_64
DEBUG util.py:537:  ncurses-libs-6.1-10.20180224.el8.x86_64
DEBUG util.py:537:  glibc-common-2.28-251.el8_10.40.x86_64
DEBUG util.py:537:  bash-4.4.20-6.el8_10.x86_64
DEBUG util.py:537:  zlib-1.2.11-25.el8.x86_64
DEBUG util.py:537:  bzip2-libs-1.0.6-28.el8_10.x86_64
DEBUG util.py:537:  gmp-6.1.2-11.el8.x86_64
DEBUG util.py:537:  libstdc++-8.5.0-28.el8_10.alma.1.x86_64
DEBUG util.py:537:  libzstd-1.4.4-1.el8.x86_64
DEBUG util.py:537:  mpfr-3.1.6-1.el8.x86_64
DEBUG util.py:537:  sqlite-libs-3.26.0-21.el8_10.x86_64
DEBUG util.py:537:  popt-1.18-1.el8.x86_64
DEBUG util.py:537:  libcom_err-1.45.6-7.el8_10.x86_64
DEBUG util.py:537:  chkconfig-1.19.2-1.el8.x86_64
DEBUG util.py:537:  libffi-3.1-24.el8.x86_64
DEBUG util.py:537:  lua-libs-5.3.4-12.el8.x86_64
DEBUG util.py:537:  libidn2-2.2.0-1.el8.x86_64
DEBUG util.py:537:  file-libs-5.33-27.el8_10.x86_64
DEBUG util.py:537:  file-5.33-27.el8_10.x86_64
DEBUG util.py:537:  unzip-6.0-48.el8_10.x86_64
DEBUG util.py:537:  elfutils-default-yama-scope-0.190-2.el8.alma.1.noarch
DEBUG util.py:537:  expat-2.5.0-4.el8_10.x86_64
DEBUG util.py:537:  keyutils-libs-1.5.10-9.el8.x86_64
DEBUG util.py:537:  audit-libs-3.1.2-1.el8_10.1.x86_64
DEBUG util.py:537:  p11-kit-trust-0.23.22-2.el8.x86_64
DEBUG util.py:537:  pcre-8.42-6.el8.x86_64
DEBUG util.py:537:  xz-5.2.4-4.el8_6.x86_64
DEBUG util.py:537:  gdbm-1.18-2.el8.x86_64
DEBUG util.py:537:  zip-3.0-23.el8.x86_64
DEBUG util.py:537:  cpp-8.5.0-28.el8_10.alma.1.x86_64
DEBUG util.py:537:  libassuan-2.5.1-3.el8.x86_64
DEBUG util.py:537:  dwz-0.12-10.el8.x86_64
DEBUG util.py:537:  zstd-1.4.4-1.el8.x86_64
DEBUG util.py:537:  nettle-3.4.1-7.el8.x86_64
DEBUG util.py:537:  isl-0.16.1-6.el8.x86_64
DEBUG util.py:537:  bzip2-1.0.6-28.el8_10.x86_64
DEBUG util.py:537:  diffutils-3.6-6.el8.x86_64
DEBUG util.py:537:  brotli-1.0.6-4.el8_10.x86_64
DEBUG util.py:537:  libnghttp2-1.33.0-6.el8_10.3.x86_64
DEBUG util.py:537:  pkgconf-1.4.2-1.el8.x86_64
DEBUG util.py:537:  libsigsegv-2.11-5.el8.x86_64
DEBUG util.py:537:  libsmartcols-2.32.1-48.el8_10.x86_64
DEBUG util.py:537:  libverto-0.3.2-2.el8.x86_64
DEBUG util.py:537:  openssl-libs-1.1.1k-17.el8_6.x86_64
DEBUG util.py:537:  ca-certificates-2025.2.80_v9.0.304-80.2.el8_10.noarch
DEBUG util.py:537:  krb5-libs-1.18.2-34.el8_10.x86_64
DEBUG util.py:537:  libblkid-2.32.1-48.el8_10.x86_64
DEBUG util.py:537:  systemd-libs-239-82.el8_10.19.x86_64
DEBUG util.py:537:  platform-python-setuptools-39.2.0-9.el8_10.noarch
DEBUG util.py:537:  python3-libs-3.6.8-78.el8_10.alma.1.x86_64
DEBUG util.py:537:  gzip-1.9-15.el8_10.x86_64
DEBUG util.py:537:  cracklib-dicts-2.9.6-15.el8.x86_64
DEBUG util.py:537:  libutempter-1.1.6-14.el8.x86_64
DEBUG util.py:537:  ima-evm-utils-1.3.2-12.el8.x86_64
DEBUG util.py:537:  pam-1.3.1-40.el8_10.x86_64
DEBUG util.py:537:  glib2-2.56.4-178.el8_10.x86_64
DEBUG util.py:537:  libfdisk-2.32.1-48.el8_10.x86_64
DEBUG util.py:537:  openldap-2.4.46-21.el8_10.x86_64
DEBUG util.py:537:  libarchive-3.3.3-7.el8_10.x86_64
DEBUG util.py:537:  gnupg2-2.2.20-4.el8_10.x86_64
DEBUG util.py:537:  gc-7.6.4-3.el8.x86_64
DEBUG util.py:537:  libipt-1.6.1-8.el8.x86_64
DEBUG util.py:537:  libssh-0.9.6-17.el8_10.x86_64
DEBUG util.py:537:  curl-7.61.1-34.el8_10.13.x86_64
DEBUG util.py:537:  rpm-4.14.3-32.el8_10.x86_64
DEBUG util.py:537:  lua-srpm-macros-1-13.el8.noarch
DEBUG util.py:537:  gdb-headless-8.2-20.el8.x86_64
DEBUG util.py:537:  glibc-headers-2.28-251.el8_10.40.x86_64
DEBUG util.py:537:  libxcrypt-devel-4.1.1-6.el8.x86_64
DEBUG util.py:537:  annobin-13.27-1.el8_10.x86_64
DEBUG util.py:537:  redhat-rpm-config-131-1.el8.alma.noarch
DEBUG util.py:537:  gcc-c++-8.5.0-28.el8_10.alma.1.x86_64
DEBUG util.py:537:  util-linux-2.32.1-48.el8_10.x86_64
DEBUG util.py:537:  make-4.2.1-11.el8.x86_64
DEBUG util.py:537:  yajl-2.1.0-12.el8.x86_64
DEBUG util.py:537:  zlib-devel-1.2.11-25.el8.x86_64
DEBUG util.py:537:  pcre2-utf32-10.32-3.el8_6.x86_64
DEBUG util.py:537:  openssl-1.1.1k-17.el8_6.x86_64
DEBUG util.py:537:  m4-1.4.18-7.el8.x86_64
DEBUG util.py:537:  libedit-3.1-23.20170329cvs.el8.x86_64
DEBUG util.py:537:  less-530-3.el8_10.x86_64
DEBUG util.py:537:  git-core-doc-2.43.7-1.el8_10.noarch
DEBUG util.py:537:  perl-Digest-1.17-395.el8.noarch
DEBUG util.py:537:  perl-Data-Dumper-2.167-399.el8.x86_64
DEBUG util.py:537:  perl-URI-1.73-3.el8.noarch
DEBUG util.py:537:  perl-IO-Socket-IP-0.39-5.el8.noarch
DEBUG util.py:537:  perl-Mozilla-CA-20160104-7.module_el8.5.0+2812+ed912d05.noarch
DEBUG util.py:537:  perl-Net-SSLeay-1.88-2.module_el8.6.0+2811+fe6c84b0.x86_64
DEBUG util.py:537:  perl-Term-Cap-1.17-395.el8.noarch
DEBUG util.py:537:  perl-HTTP-Tiny-0.074-3.el8.noarch
DEBUG util.py:537:  perl-podlators-4.11-1.el8.noarch
DEBUG util.py:537:  perl-Text-ParseWords-3.30-395.el8.noarch
DEBUG util.py:537:  perl-MIME-Base64-3.15-396.el8.x86_64
DEBUG util.py:537:  perl-Getopt-Long-2.50-4.el8.noarch
DEBUG util.py:537:  perl-Socket-2.027-3.el8.x86_64
DEBUG util.py:537:  perl-Carp-1.42-396.el8.noarch
DEBUG util.py:537:  perl-libs-5.26.3-423.el8_10.1.x86_64
DEBUG util.py:537:  perl-parent-0.237-1.el8.noarch
DEBUG util.py:537:  perl-Text-Tabs+Wrap-2013.0523-395.el8.noarch
DEBUG util.py:537:  perl-File-Path-2.15-2.el8.noarch
DEBUG util.py:537:  perl-PathTools-3.74-1.el8.x86_64
DEBUG util.py:537:  perl-threads-2.21-2.el8.x86_64
DEBUG util.py:537:  perl-interpreter-5.26.3-423.el8_10.1.x86_64
DEBUG util.py:537:  perl-Error-0.17025-2.el8.noarch
DEBUG util.py:537:  perl-Git-2.43.7-1.el8_10.noarch
DEBUG util.py:537:  perl-Thread-Queue-3.13-1.el8.noarch
DEBUG util.py:537:  libtool-2.4.6-25.el8.x86_64
DEBUG util.py:537:  pcre2-devel-10.32-3.el8_6.x86_64
DEBUG util.py:537:  yajl-devel-2.1.0-12.el8.x86_64
DEBUG util.py:688:  Child return code was: 0
DEBUG util.py:200:  kill orphans in chroot /var/lib/mock/alma+epel-8-x86_64/root
DEBUG util.py:200:  kill orphans in chroot /var/lib/mock/alma+epel-8-x86_64-bootstrap/root/var/lib/mock/alma+epel-8-x86_64/root
DEBUG util.py:717:  child environment: None
DEBUG util.py:636:  Executing command: ['/bin/umount', '-n', '-l', '/var/lib/mock/alma+epel-8-x86_64-bootstrap/root/var/lib/mock/alma+epel-8-x86_64/root'] with env {'TERM': 'vt100', 'SHELL': '/bin/sh', 'HOME': '/builddir', 'HOSTNAME': 'mock', 'PATH': '/usr/bin:/bin:/usr/sbin:/sbin', 'LANG': 'C.UTF-8'} and shell False
DEBUG util.py:688:  Child return code was: 0
DEBUG util.py:717:  child environment: None
DEBUG util.py:636:  Executing command: ['/bin/umount', '-n', '-l', '/var/lib/mock/alma+epel-8-x86_64-bootstrap/root/var/lib/mock/alma+epel-8-x86_64/root'] with env {'TERM': 'vt100', 'SHELL': '/bin/sh', 'HOME': '/builddir', 'HOSTNAME': 'mock', 'PATH': '/usr/bin:/bin:/usr/sbin:/sbin', 'LANG': 'C.UTF-8'} and shell False
DEBUG util.py:688:  Child return code was: 0
DEBUG file_util.py:17:  ensuring that dir exists: /var/lib/mock/alma+epel-8-x86_64-bootstrap/root/var/lib/mock/alma+epel-8-x86_64/root
DEBUG util.py:717:  child environment: None
DEBUG util.py:636:  Executing command: ['/bin/mount', '-n', '-t', 'tmpfs', '-o', 'private,mode=0755', 'tmpfs', '/var/lib/mock/alma+epel-8-x86_64-bootstrap/root/var/lib/mock/alma+epel-8-x86_64/root'] with env {'TERM': 'vt100', 'SHELL': '/bin/sh', 'HOME': '/builddir', 'HOSTNAME': 'mock', 'PATH': '/usr/bin:/bin:/usr/sbin:/sbin', 'LANG': 'C.UTF-8'} and shell False
DEBUG util.py:688:  Child return code was: 0
DEBUG file_util.py:17:  ensuring that dir exists: /var/lib/mock/alma+epel-8-x86_64-bootstrap/root/var/lib/mock/alma+epel-8-x86_64/root
DEBUG util.py:717:  child environment: None
DEBUG util.py:636:  Executing command: ['/bin/mount', '-n', '-o', 'rbind', '/var/lib/mock/alma+epel-8-x86_64/root', '/var/lib/mock/alma+epel-8-x86_64-bootstrap/root/var/lib/mock/alma+epel-8-x86_64/root'] with env {'TERM': 'vt100', 'SHELL': '/bin/sh', 'HOME': '/builddir', 'HOSTNAME': 'mock', 'PATH': '/usr/bin:/bin:/usr/sbin:/sbin', 'LANG': 'C.UTF-8'} and shell False
DEBUG util.py:688:  Child return code was: 0
DEBUG util.py:717:  child environment: None
DEBUG util.py:636:  Executing command: ['/bin/mount', '-n', '-o', 'remount,private,rbind', '--target', '/var/lib/mock/alma+epel-8-x86_64-bootstrap/root/var/lib/mock/alma+epel-8-x86_64/root'] with env {'TERM': 'vt100', 'SHELL': '/bin/sh', 'HOME': '/builddir', 'HOSTNAME': 'mock', 'PATH': '/usr/bin:/bin:/usr/sbin:/sbin', 'LANG': 'C.UTF-8'} and shell False
DEBUG util.py:688:  Child return code was: 0
DEBUG util.py:717:  child environment: None
DEBUG util.py:631:  Using nspawn with args ['--capability=cap_ipc_lock', '--resolv-conf=off']
DEBUG util.py:636:  Executing command: ['/usr/bin/systemd-nspawn', '-q', '-M', 'dca7deaa6e184a36ae9dc1eee1724ac5', '-D', '/var/lib/mock/alma+epel-8-x86_64-bootstrap/root', '-a', '--capability=cap_ipc_lock', '--resolv-conf=off', '--setenv=TERM=vt100', '--setenv=SHELL=/bin/bash', '--setenv=HOME=/builddir', '--setenv=HOSTNAME=mock', '--setenv=PATH=/usr/bin:/bin:/usr/sbin:/sbin', '--setenv=PROMPT_COMMAND=printf "\\033]0;<mock-chroot>\\007"', '--setenv=PS1=<mock-chroot> \\s-\\v\\$ ', '--setenv=LANG=C.UTF-8', '/bin/rpm', '-qa', '--root', '/var/lib/mock/alma+epel-8-x86_64/root'] with env {'TERM': 'vt100', 'SHELL': '/bin/bash', 'HOME': '/builddir', 'HOSTNAME': 'mock', 'PATH': '/usr/bin:/bin:/usr/sbin:/sbin', 'PROMPT_COMMAND': 'printf "\\033]0;<mock-chroot>\\007"', 'PS1': '<mock-chroot> \\s-\\v\\$ ', 'LANG': 'C.UTF-8', 'SYSTEMD_NSPAWN_TMPFS_TMP': '0', 'SYSTEMD_SECCOMP': '0'} and shell False
DEBUG util.py:537:  gpg-pubkey-ced7258b-6525146f
DEBUG util.py:537:  libgcc-8.5.0-28.el8_10.alma.1.x86_64
DEBUG util.py:537:  crypto-policies-20230731-1.git3177e06.el8.noarch
DEBUG util.py:537:  python3-setuptools-wheel-39.2.0-9.el8_10.noarch
DEBUG util.py:537:  almalinux-release-8.10-1.el8.x86_64
DEBUG util.py:537:  filesystem-3.8-6.el8.x86_64
DEBUG util.py:537:  python3-rpm-macros-3-45.el8.noarch
DEBUG util.py:537:  ansible-srpm-macros-1-12.el8.noarch
DEBUG util.py:537:  qt5-srpm-macros-5.15.3-1.el8.noarch
DEBUG util.py:537:  openblas-srpm-macros-2-2.el8.noarch
DEBUG util.py:537:  go-srpm-macros-2-17.el8.noarch
DEBUG util.py:537:  tzdata-2026c-1.el8_10.noarch
DEBUG util.py:537:  pkgconf-m4-1.4.2-1.el8.noarch
DEBUG util.py:537:  pcre2-10.32-3.el8_6.x86_64
DEBUG util.py:537:  glibc-all-langpacks-2.28-251.el8_10.40.x86_64
DEBUG util.py:537:  glibc-gconv-extra-2.28-251.el8_10.40.x86_64
DEBUG util.py:537:  glibc-2.28-251.el8_10.40.x86_64
DEBUG util.py:537:  libsepol-2.9-3.el8.x86_64
DEBUG util.py:537:  info-6.5-7.el8.x86_64
DEBUG util.py:537:  xz-libs-5.2.4-4.el8_6.x86_64
DEBUG util.py:537:  libacl-2.4.0-1.el8_10.x86_64
DEBUG util.py:537:  libxcrypt-4.1.1-6.el8.x86_64
DEBUG util.py:537:  elfutils-libelf-0.190-2.el8.alma.1.x86_64
DEBUG util.py:537:  readline-7.0-10.el8.x86_64
DEBUG util.py:537:  libcap-2.48-6.el8_10.1.x86_64
DEBUG util.py:537:  sed-4.5-5.el8_10.x86_64
DEBUG util.py:537:  libuuid-2.32.1-48.el8_10.x86_64
DEBUG util.py:537:  libunistring-0.9.9-3.el8.x86_64
DEBUG util.py:537:  libgpg-error-1.31-1.el8.x86_64
DEBUG util.py:537:  p11-kit-0.23.22-2.el8.x86_64
DEBUG util.py:537:  libmpc-1.1.0-9.1.el8.x86_64
DEBUG util.py:537:  libattr-2.6.0-1.el8_10.x86_64
DEBUG util.py:537:  libgcrypt-1.8.5-8.el8_10.x86_64
DEBUG util.py:537:  findutils-4.6.0-24.el8_10.x86_64
DEBUG util.py:537:  elfutils-libs-0.190-2.el8.alma.1.x86_64
DEBUG util.py:537:  gdbm-libs-1.18-2.el8.x86_64
DEBUG util.py:537:  libcap-ng-0.7.11-1.el8.x86_64
DEBUG util.py:537:  libtasn1-4.13-6.el8_10.x86_64
DEBUG util.py:537:  lz4-libs-1.8.3-5.el8_10.x86_64
DEBUG util.py:537:  grep-3.1-6.el8.x86_64
DEBUG util.py:537:  libsemanage-2.9-12.el8_10.x86_64
DEBUG util.py:537:  elfutils-0.190-2.el8.alma.1.x86_64
DEBUG util.py:537:  patch-2.7.6-11.el8.x86_64
DEBUG util.py:537:  libpsl-0.20.2-6.el8.x86_64
DEBUG util.py:537:  libksba-1.3.5-9.el8_7.x86_64
DEBUG util.py:537:  libstdc++-devel-8.5.0-28.el8_10.alma.1.x86_64
DEBUG util.py:537:  tar-1.30-13.el8_10.x86_64
DEBUG util.py:537:  gnutls-3.6.16-8.el8_10.6.x86_64
DEBUG util.py:537:  libxml2-2.9.7-21.el8_10.9.x86_64
DEBUG util.py:537:  coreutils-common-8.30-21.el8_10.x86_64
DEBUG util.py:537:  libgomp-8.5.0-28.el8_10.alma.1.x86_64
DEBUG util.py:537:  cpio-2.12-11.el8.x86_64
DEBUG util.py:537:  libpkgconf-1.4.2-1.el8.x86_64
DEBUG util.py:537:  pkgconf-pkg-config-1.4.2-1.el8.x86_64
DEBUG util.py:537:  gawk-4.2.1-4.el8.x86_64
DEBUG util.py:537:  libtool-ltdl-2.4.6-25.el8.x86_64
DEBUG util.py:537:  ncurses-6.1-10.20180224.el8.x86_64
DEBUG util.py:537:  coreutils-8.30-21.el8_10.x86_64
DEBUG util.py:537:  libdb-5.3.28-42.el8_4.x86_64
DEBUG util.py:537:  libtirpc-1.1.4-12.el8_10.x86_64
DEBUG util.py:537:  libmount-2.32.1-48.el8_10.x86_64
DEBUG util.py:537:  libnsl2-1.2.0-2.20180605git4a062cf.el8.x86_64
DEBUG util.py:537:  platform-python-3.6.8-78.el8_10.alma.1.x86_64
DEBUG util.py:537:  binutils-2.30-128.el8_10.x86_64
DEBUG util.py:537:  cracklib-2.9.6-15.el8.x86_64
DEBUG util.py:537:  shadow-utils-4.6-23.el8_10.x86_64
DEBUG util.py:537:  tpm2-tss-2.3.2-6.el8.x86_64
DEBUG util.py:537:  libpwquality-1.4.4-6.el8.x86_64
DEBUG util.py:537:  libusbx-1.0.30-1.el8_10.x86_64
DEBUG util.py:537:  libbabeltrace-1.5.4-4.el8.x86_64
DEBUG util.py:537:  cyrus-sasl-lib-2.1.27-6.el8_5.x86_64
DEBUG util.py:537:  libdb-utils-5.3.28-42.el8_4.x86_64
DEBUG util.py:537:  npth-1.5-4.el8.x86_64
DEBUG util.py:537:  libatomic_ops-7.6.2-3.el8.x86_64
DEBUG util.py:537:  guile-2.0.14-7.el8.x86_64
DEBUG util.py:537:  libssh-config-0.9.6-17.el8_10.noarch
DEBUG util.py:537:  libcurl-7.61.1-34.el8_10.13.x86_64
DEBUG util.py:537:  rpm-libs-4.14.3-32.el8_10.x86_64
DEBUG util.py:537:  efi-srpm-macros-3-3.el8.noarch
DEBUG util.py:537:  rpm-build-libs-4.14.3-32.el8_10.x86_64
DEBUG util.py:537:  kernel-headers-4.18.0-553.169.1.el8_10.x86_64
DEBUG util.py:537:  glibc-devel-2.28-251.el8_10.40.x86_64
DEBUG util.py:537:  gcc-8.5.0-28.el8_10.alma.1.x86_64
DEBUG util.py:537:  gcc-plugin-annobin-8.5.0-28.el8_10.alma.1.x86_64
DEBUG util.py:537:  rpm-build-4.14.3-32.el8_10.x86_64
DEBUG util.py:537:  epel-rpm-macros-8-43.noarch
DEBUG util.py:537:  which-2.21-21.el8_10.x86_64
DEBUG util.py:537:  emacs-filesystem-26.1-15.el8_10.noarch
DEBUG util.py:537:  cmake-filesystem-3.26.5-2.el8.x86_64
DEBUG util.py:537:  xz-devel-5.2.4-4.el8_6.x86_64
DEBUG util.py:537:  pcre2-utf16-10.32-3.el8_6.x86_64
DEBUG util.py:537:  openssh-8.0p1-33.el8_10.x86_64
DEBUG util.py:537:  lmdb-libs-0.9.24-2.el8.x86_64
DEBUG util.py:537:  openssh-clients-8.0p1-33.el8_10.x86_64
DEBUG util.py:537:  git-core-2.43.7-1.el8_10.x86_64
DEBUG util.py:537:  groff-base-1.22.3-18.el8.x86_64
DEBUG util.py:537:  perl-Digest-MD5-2.55-396.el8.x86_64
DEBUG util.py:537:  perl-libnet-3.11-3.el8.noarch
DEBUG util.py:537:  perl-Pod-Escapes-1.07-395.el8.noarch
DEBUG util.py:537:  perl-Time-Local-1.280-1.el8.noarch
DEBUG util.py:537:  perl-IO-Socket-SSL-2.066-4.module_el8.6.0+2811+fe6c84b0.noarch
DEBUG util.py:537:  perl-Term-ANSIColor-4.06-396.el8.noarch
DEBUG util.py:537:  perl-File-Temp-0.230.600-1.el8.noarch
DEBUG util.py:537:  perl-Pod-Simple-3.35-395.el8.noarch
DEBUG util.py:537:  perl-Pod-Perldoc-3.28-396.el8.noarch
DEBUG util.py:537:  perl-Pod-Usage-1.69-395.el8.noarch
DEBUG util.py:537:  perl-Storable-3.11-3.el8.x86_64
DEBUG util.py:537:  perl-Errno-1.28-423.el8_10.1.x86_64
DEBUG util.py:537:  perl-Encode-2.97-3.el8.x86_64
DEBUG util.py:537:  perl-Exporter-5.72-396.el8.noarch
DEBUG util.py:537:  perl-Scalar-List-Utils-1.49-2.el8.x86_64
DEBUG util.py:537:  perl-macros-5.26.3-423.el8_10.1.x86_64
DEBUG util.py:537:  perl-Unicode-Normalize-1.25-396.el8.x86_64
DEBUG util.py:537:  perl-IO-1.38-423.el8_10.1.x86_64
DEBUG util.py:537:  perl-constant-1.33-396.el8.noarch
DEBUG util.py:537:  perl-threads-shared-1.58-2.el8.x86_64
DEBUG util.py:537:  autoconf-2.69-29.el8_10.1.noarch
DEBUG util.py:537:  perl-TermReadKey-2.37-7.el8.x86_64
DEBUG util.py:537:  git-2.43.7-1.el8_10.x86_64
DEBUG util.py:537:  automake-1.16.1-8.el8.noarch
DEBUG util.py:537:  lmdb-devel-0.9.24-2.el8.x86_64
DEBUG util.py:537:  libxml2-devel-2.9.7-21.el8_10.9.x86_64
DEBUG util.py:537:  libcurl-devel-7.61.1-34.el8_10.13.x86_64
DEBUG util.py:537:  gpg-pubkey-3abb34f8-5ffd890e
DEBUG util.py:537:  gpg-pubkey-2f86d6a1-5cf7cefb
DEBUG util.py:537:  python-srpm-macros-3-45.el8.noarch
DEBUG util.py:537:  python-rpm-macros-3-45.el8.noarch
DEBUG util.py:537:  python3-pip-wheel-9.0.3-24.el8.noarch
DEBUG util.py:537:  setup-2.12.2-9.el8.noarch
DEBUG util.py:537:  basesystem-11-5.el8.noarch
DEBUG util.py:537:  fpc-srpm-macros-1.3-1.el8.noarch
DEBUG util.py:537:  rust-srpm-macros-5-2.el8.noarch
DEBUG util.py:537:  perl-srpm-macros-1-25.el8.noarch
DEBUG util.py:537:  ocaml-srpm-macros-5-4.el8.noarch
DEBUG util.py:537:  ghc-srpm-macros-1.4.2-7.el8.noarch
DEBUG util.py:537:  publicsuffix-list-dafsa-20180723-1.el8.noarch
DEBUG util.py:537:  ncurses-base-6.1-10.20180224.el8.noarch
DEBUG util.py:537:  libselinux-2.9-11.el8_10.x86_64
DEBUG util.py:537:  ncurses-libs-6.1-10.20180224.el8.x86_64
DEBUG util.py:537:  glibc-common-2.28-251.el8_10.40.x86_64
DEBUG util.py:537:  bash-4.4.20-6.el8_10.x86_64
DEBUG util.py:537:  zlib-1.2.11-25.el8.x86_64
DEBUG util.py:537:  bzip2-libs-1.0.6-28.el8_10.x86_64
DEBUG util.py:537:  gmp-6.1.2-11.el8.x86_64
DEBUG util.py:537:  libstdc++-8.5.0-28.el8_10.alma.1.x86_64
DEBUG util.py:537:  libzstd-1.4.4-1.el8.x86_64
DEBUG util.py:537:  mpfr-3.1.6-1.el8.x86_64
DEBUG util.py:537:  sqlite-libs-3.26.0-21.el8_10.x86_64
DEBUG util.py:537:  popt-1.18-1.el8.x86_64
DEBUG util.py:537:  libcom_err-1.45.6-7.el8_10.x86_64
DEBUG util.py:537:  chkconfig-1.19.2-1.el8.x86_64
DEBUG util.py:537:  libffi-3.1-24.el8.x86_64
DEBUG util.py:537:  lua-libs-5.3.4-12.el8.x86_64
DEBUG util.py:537:  libidn2-2.2.0-1.el8.x86_64
DEBUG util.py:537:  file-libs-5.33-27.el8_10.x86_64
DEBUG util.py:537:  file-5.33-27.el8_10.x86_64
DEBUG util.py:537:  unzip-6.0-48.el8_10.x86_64
DEBUG util.py:537:  elfutils-default-yama-scope-0.190-2.el8.alma.1.noarch
DEBUG util.py:537:  expat-2.5.0-4.el8_10.x86_64
DEBUG util.py:537:  keyutils-libs-1.5.10-9.el8.x86_64
DEBUG util.py:537:  audit-libs-3.1.2-1.el8_10.1.x86_64
DEBUG util.py:537:  p11-kit-trust-0.23.22-2.el8.x86_64
DEBUG util.py:537:  pcre-8.42-6.el8.x86_64
DEBUG util.py:537:  xz-5.2.4-4.el8_6.x86_64
DEBUG util.py:537:  gdbm-1.18-2.el8.x86_64
DEBUG util.py:537:  zip-3.0-23.el8.x86_64
DEBUG util.py:537:  cpp-8.5.0-28.el8_10.alma.1.x86_64
DEBUG util.py:537:  libassuan-2.5.1-3.el8.x86_64
DEBUG util.py:537:  dwz-0.12-10.el8.x86_64
DEBUG util.py:537:  zstd-1.4.4-1.el8.x86_64
DEBUG util.py:537:  nettle-3.4.1-7.el8.x86_64
DEBUG util.py:537:  isl-0.16.1-6.el8.x86_64
DEBUG util.py:537:  bzip2-1.0.6-28.el8_10.x86_64
DEBUG util.py:537:  diffutils-3.6-6.el8.x86_64
DEBUG util.py:537:  brotli-1.0.6-4.el8_10.x86_64
DEBUG util.py:537:  libnghttp2-1.33.0-6.el8_10.3.x86_64
DEBUG util.py:537:  pkgconf-1.4.2-1.el8.x86_64
DEBUG util.py:537:  libsigsegv-2.11-5.el8.x86_64
DEBUG util.py:537:  libsmartcols-2.32.1-48.el8_10.x86_64
DEBUG util.py:537:  libverto-0.3.2-2.el8.x86_64
DEBUG util.py:537:  openssl-libs-1.1.1k-17.el8_6.x86_64
DEBUG util.py:537:  ca-certificates-2025.2.80_v9.0.304-80.2.el8_10.noarch
DEBUG util.py:537:  krb5-libs-1.18.2-34.el8_10.x86_64
DEBUG util.py:537:  libblkid-2.32.1-48.el8_10.x86_64
DEBUG util.py:537:  systemd-libs-239-82.el8_10.19.x86_64
DEBUG util.py:537:  platform-python-setuptools-39.2.0-9.el8_10.noarch
DEBUG util.py:537:  python3-libs-3.6.8-78.el8_10.alma.1.x86_64
DEBUG util.py:537:  gzip-1.9-15.el8_10.x86_64
DEBUG util.py:537:  cracklib-dicts-2.9.6-15.el8.x86_64
DEBUG util.py:537:  libutempter-1.1.6-14.el8.x86_64
DEBUG util.py:537:  ima-evm-utils-1.3.2-12.el8.x86_64
DEBUG util.py:537:  pam-1.3.1-40.el8_10.x86_64
DEBUG util.py:537:  glib2-2.56.4-178.el8_10.x86_64
DEBUG util.py:537:  libfdisk-2.32.1-48.el8_10.x86_64
DEBUG util.py:537:  openldap-2.4.46-21.el8_10.x86_64
DEBUG util.py:537:  libarchive-3.3.3-7.el8_10.x86_64
DEBUG util.py:537:  gnupg2-2.2.20-4.el8_10.x86_64
DEBUG util.py:537:  gc-7.6.4-3.el8.x86_64
DEBUG util.py:537:  libipt-1.6.1-8.el8.x86_64
DEBUG util.py:537:  libssh-0.9.6-17.el8_10.x86_64
DEBUG util.py:537:  curl-7.61.1-34.el8_10.13.x86_64
DEBUG util.py:537:  rpm-4.14.3-32.el8_10.x86_64
DEBUG util.py:537:  lua-srpm-macros-1-13.el8.noarch
DEBUG util.py:537:  gdb-headless-8.2-20.el8.x86_64
DEBUG util.py:537:  glibc-headers-2.28-251.el8_10.40.x86_64
DEBUG util.py:537:  libxcrypt-devel-4.1.1-6.el8.x86_64
DEBUG util.py:537:  annobin-13.27-1.el8_10.x86_64
DEBUG util.py:537:  redhat-rpm-config-131-1.el8.alma.noarch
DEBUG util.py:537:  gcc-c++-8.5.0-28.el8_10.alma.1.x86_64
DEBUG util.py:537:  util-linux-2.32.1-48.el8_10.x86_64
DEBUG util.py:537:  make-4.2.1-11.el8.x86_64
DEBUG util.py:537:  yajl-2.1.0-12.el8.x86_64
DEBUG util.py:537:  zlib-devel-1.2.11-25.el8.x86_64
DEBUG util.py:537:  pcre2-utf32-10.32-3.el8_6.x86_64
DEBUG util.py:537:  openssl-1.1.1k-17.el8_6.x86_64
DEBUG util.py:537:  m4-1.4.18-7.el8.x86_64
DEBUG util.py:537:  libedit-3.1-23.20170329cvs.el8.x86_64
DEBUG util.py:537:  less-530-3.el8_10.x86_64
DEBUG util.py:537:  git-core-doc-2.43.7-1.el8_10.noarch
DEBUG util.py:537:  perl-Digest-1.17-395.el8.noarch
DEBUG util.py:537:  perl-Data-Dumper-2.167-399.el8.x86_64
DEBUG util.py:537:  perl-URI-1.73-3.el8.noarch
DEBUG util.py:537:  perl-IO-Socket-IP-0.39-5.el8.noarch
DEBUG util.py:537:  perl-Mozilla-CA-20160104-7.module_el8.5.0+2812+ed912d05.noarch
DEBUG util.py:537:  perl-Net-SSLeay-1.88-2.module_el8.6.0+2811+fe6c84b0.x86_64
DEBUG util.py:537:  perl-Term-Cap-1.17-395.el8.noarch
DEBUG util.py:537:  perl-HTTP-Tiny-0.074-3.el8.noarch
DEBUG util.py:537:  perl-podlators-4.11-1.el8.noarch
DEBUG util.py:537:  perl-Text-ParseWords-3.30-395.el8.noarch
DEBUG util.py:537:  perl-MIME-Base64-3.15-396.el8.x86_64
DEBUG util.py:537:  perl-Getopt-Long-2.50-4.el8.noarch
DEBUG util.py:537:  perl-Socket-2.027-3.el8.x86_64
DEBUG util.py:537:  perl-Carp-1.42-396.el8.noarch
DEBUG util.py:537:  perl-libs-5.26.3-423.el8_10.1.x86_64
DEBUG util.py:537:  perl-parent-0.237-1.el8.noarch
DEBUG util.py:537:  perl-Text-Tabs+Wrap-2013.0523-395.el8.noarch
DEBUG util.py:537:  perl-File-Path-2.15-2.el8.noarch
DEBUG util.py:537:  perl-PathTools-3.74-1.el8.x86_64
DEBUG util.py:537:  perl-threads-2.21-2.el8.x86_64
DEBUG util.py:537:  perl-interpreter-5.26.3-423.el8_10.1.x86_64
DEBUG util.py:537:  perl-Error-0.17025-2.el8.noarch
DEBUG util.py:537:  perl-Git-2.43.7-1.el8_10.noarch
DEBUG util.py:537:  perl-Thread-Queue-3.13-1.el8.noarch
DEBUG util.py:537:  libtool-2.4.6-25.el8.x86_64
DEBUG util.py:537:  pcre2-devel-10.32-3.el8_6.x86_64
DEBUG util.py:537:  yajl-devel-2.1.0-12.el8.x86_64
DEBUG util.py:688:  Child return code was: 0
DEBUG util.py:200:  kill orphans in chroot /var/lib/mock/alma+epel-8-x86_64/root
DEBUG util.py:200:  kill orphans in chroot /var/lib/mock/alma+epel-8-x86_64-bootstrap/root/var/lib/mock/alma+epel-8-x86_64/root
DEBUG util.py:717:  child environment: None
DEBUG util.py:636:  Executing command: ['/bin/umount', '-n', '-l', '/var/lib/mock/alma+epel-8-x86_64-bootstrap/root/var/lib/mock/alma+epel-8-x86_64/root'] with env {'TERM': 'vt100', 'SHELL': '/bin/sh', 'HOME': '/builddir', 'HOSTNAME': 'mock', 'PATH': '/usr/bin:/bin:/usr/sbin:/sbin', 'LANG': 'C.UTF-8'} and shell False
DEBUG util.py:688:  Child return code was: 0
DEBUG util.py:717:  child environment: None
DEBUG util.py:636:  Executing command: ['/bin/umount', '-n', '-l', '/var/lib/mock/alma+epel-8-x86_64-bootstrap/root/var/lib/mock/alma+epel-8-x86_64/root'] with env {'TERM': 'vt100', 'SHELL': '/bin/sh', 'HOME': '/builddir', 'HOSTNAME': 'mock', 'PATH': '/usr/bin:/bin:/usr/sbin:/sbin', 'LANG': 'C.UTF-8'} and shell False
DEBUG util.py:688:  Child return code was: 0
DEBUG util.py:717:  child environment: None
DEBUG file_util.py:17:  ensuring that dir exists: /var/lib/mock/alma+epel-8-x86_64/root/proc
DEBUG util.py:717:  child environment: None
DEBUG util.py:636:  Executing command: ['/bin/mount', '-n', '-t', 'tmpfs', '-o', 'rprivate,mode=0755', 'tmpfs', '/var/lib/mock/alma+epel-8-x86_64/root/proc'] with env {'TERM': 'vt100', 'SHELL': '/bin/sh', 'HOME': '/builddir', 'HOSTNAME': 'mock', 'PATH': '/usr/bin:/bin:/usr/sbin:/sbin', 'LANG': 'C.UTF-8'} and shell False
DEBUG util.py:688:  Child return code was: 0
DEBUG file_util.py:17:  ensuring that dir exists: /var/lib/mock/alma+epel-8-x86_64/root/proc
DEBUG util.py:717:  child environment: None
DEBUG util.py:636:  Executing command: ['/bin/mount', '-n', '-o', 'rbind', '/proc', '/var/lib/mock/alma+epel-8-x86_64/root/proc'] with env {'TERM': 'vt100', 'SHELL': '/bin/sh', 'HOME': '/builddir', 'HOSTNAME': 'mock', 'PATH': '/usr/bin:/bin:/usr/sbin:/sbin', 'LANG': 'C.UTF-8'} and shell False
DEBUG util.py:688:  Child return code was: 0
DEBUG util.py:717:  child environment: None
DEBUG util.py:636:  Executing command: ['/bin/mount', '-n', '-o', 'remount,nodev,noexec,nosuid,readonly,rprivate,rbind', '--target', '/var/lib/mock/alma+epel-8-x86_64/root/proc'] with env {'TERM': 'vt100', 'SHELL': '/bin/sh', 'HOME': '/builddir', 'HOSTNAME': 'mock', 'PATH': '/usr/bin:/bin:/usr/sbin:/sbin', 'LANG': 'C.UTF-8'} and shell False
DEBUG util.py:688:  Child return code was: 0
DEBUG file_util.py:17:  ensuring that dir exists: /var/lib/mock/alma+epel-8-x86_64/root/sys
DEBUG util.py:717:  child environment: None
DEBUG util.py:636:  Executing command: ['/bin/mount', '-n', '-t', 'tmpfs', '-o', 'rprivate,mode=0755', 'tmpfs', '/var/lib/mock/alma+epel-8-x86_64/root/sys'] with env {'TERM': 'vt100', 'SHELL': '/bin/sh', 'HOME': '/builddir', 'HOSTNAME': 'mock', 'PATH': '/usr/bin:/bin:/usr/sbin:/sbin', 'LANG': 'C.UTF-8'} and shell False
DEBUG util.py:688:  Child return code was: 0
DEBUG file_util.py:17:  ensuring that dir exists: /var/lib/mock/alma+epel-8-x86_64/root/sys
DEBUG util.py:717:  child environment: None
DEBUG util.py:636:  Executing command: ['/bin/mount', '-n', '-o', 'rbind', '/sys', '/var/lib/mock/alma+epel-8-x86_64/root/sys'] with env {'TERM': 'vt100', 'SHELL': '/bin/sh', 'HOME': '/builddir', 'HOSTNAME': 'mock', 'PATH': '/usr/bin:/bin:/usr/sbin:/sbin', 'LANG': 'C.UTF-8'} and shell False
DEBUG util.py:688:  Child return code was: 0
DEBUG util.py:717:  child environment: None
DEBUG util.py:636:  Executing command: ['/bin/mount', '-n', '-o', 'remount,nodev,noexec,nosuid,readonly,rprivate,rbind', '--target', '/var/lib/mock/alma+epel-8-x86_64/root/sys'] with env {'TERM': 'vt100', 'SHELL': '/bin/sh', 'HOME': '/builddir', 'HOSTNAME': 'mock', 'PATH': '/usr/bin:/bin:/usr/sbin:/sbin', 'LANG': 'C.UTF-8'} and shell False
DEBUG util.py:688:  Child return code was: 0
DEBUG file_util.py:17:  ensuring that dir exists: /var/lib/mock/alma+epel-8-x86_64/root/dev/shm
DEBUG util.py:717:  child environment: None
DEBUG util.py:636:  Executing command: ['/bin/mount', '-n', '-t', 'tmpfs', 'tmpfs', '/var/lib/mock/alma+epel-8-x86_64/root/dev/shm'] with env {'TERM': 'vt100', 'SHELL': '/bin/sh', 'HOME': '/builddir', 'HOSTNAME': 'mock', 'PATH': '/usr/bin:/bin:/usr/sbin:/sbin', 'LANG': 'C.UTF-8'} and shell False
DEBUG util.py:688:  Child return code was: 0
DEBUG file_util.py:17:  ensuring that dir exists: /var/lib/mock/alma+epel-8-x86_64/root/dev/pts
DEBUG util.py:717:  child environment: None
DEBUG util.py:636:  Executing command: ['/bin/mount', '-n', '-t', 'devpts', '-o', 'gid=5,mode=0620,ptmxmode=0666,newinstance', 'devpts', '/var/lib/mock/alma+epel-8-x86_64/root/dev/pts'] with env {'TERM': 'vt100', 'SHELL': '/bin/sh', 'HOME': '/builddir', 'HOSTNAME': 'mock', 'PATH': '/usr/bin:/bin:/usr/sbin:/sbin', 'LANG': 'C.UTF-8'} and shell False
DEBUG util.py:688:  Child return code was: 0
DEBUG util.py:717:  child environment: None
DEBUG util.py:636:  Executing command: ['/bin/mount', '-n', '-o', 'bind', '/tmp/mock-selinux-plugin.lx8zcq8b', '/var/lib/mock/alma+epel-8-x86_64/root/proc/filesystems'] with env {'TERM': 'vt100', 'SHELL': '/bin/sh', 'HOME': '/builddir', 'HOSTNAME': 'mock', 'PATH': '/usr/bin:/bin:/usr/sbin:/sbin', 'LANG': 'C.UTF-8'} and shell False
DEBUG util.py:688:  Child return code was: 0
DEBUG file_util.py:17:  ensuring that dir exists: /var/lib/mock/alma+epel-8-x86_64/root/sys/fs/selinux
DEBUG util.py:717:  child environment: None
DEBUG util.py:636:  Executing command: ['/bin/mount', '-n', '-t', 'tmpfs', 'tmpfs', '/var/lib/mock/alma+epel-8-x86_64/root/sys/fs/selinux'] with env {'TERM': 'vt100', 'SHELL': '/bin/sh', 'HOME': '/builddir', 'HOSTNAME': 'mock', 'PATH': '/usr/bin:/bin:/usr/sbin:/sbin', 'LANG': 'C.UTF-8'} and shell False
DEBUG util.py:688:  Child return code was: 0
DEBUG file_util.py:17:  ensuring that dir exists: /var/lib/mock/alma+epel-8-x86_64-bootstrap/root/var/lib/mock/alma+epel-8-x86_64/root
DEBUG util.py:717:  child environment: None
DEBUG util.py:636:  Executing command: ['/bin/mount', '-n', '-t', 'tmpfs', '-o', 'private,mode=0755', 'tmpfs', '/var/lib/mock/alma+epel-8-x86_64-bootstrap/root/var/lib/mock/alma+epel-8-x86_64/root'] with env {'TERM': 'vt100', 'SHELL': '/bin/sh', 'HOME': '/builddir', 'HOSTNAME': 'mock', 'PATH': '/usr/bin:/bin:/usr/sbin:/sbin', 'LANG': 'C.UTF-8'} and shell False
DEBUG util.py:688:  Child return code was: 0
DEBUG file_util.py:17:  ensuring that dir exists: /var/lib/mock/alma+epel-8-x86_64-bootstrap/root/var/lib/mock/alma+epel-8-x86_64/root
DEBUG util.py:717:  child environment: None
DEBUG util.py:636:  Executing command: ['/bin/mount', '-n', '-o', 'rbind', '/var/lib/mock/alma+epel-8-x86_64/root', '/var/lib/mock/alma+epel-8-x86_64-bootstrap/root/var/lib/mock/alma+epel-8-x86_64/root'] with env {'TERM': 'vt100', 'SHELL': '/bin/sh', 'HOME': '/builddir', 'HOSTNAME': 'mock', 'PATH': '/usr/bin:/bin:/usr/sbin:/sbin', 'LANG': 'C.UTF-8'} and shell False
DEBUG util.py:688:  Child return code was: 0
DEBUG util.py:717:  child environment: None
DEBUG util.py:636:  Executing command: ['/bin/mount', '-n', '-o', 'remount,private,rbind', '--target', '/var/lib/mock/alma+epel-8-x86_64-bootstrap/root/var/lib/mock/alma+epel-8-x86_64/root'] with env {'TERM': 'vt100', 'SHELL': '/bin/sh', 'HOME': '/builddir', 'HOSTNAME': 'mock', 'PATH': '/usr/bin:/bin:/usr/sbin:/sbin', 'LANG': 'C.UTF-8'} and shell False
DEBUG util.py:688:  Child return code was: 0
DEBUG file_util.py:17:  ensuring that dir exists: /var/lib/mock/alma+epel-8-x86_64/root/installation-homedir
DEBUG package_manager.py:296:  ['/usr/bin/dnf-3', 'builddep', '--installroot', '/var/lib/mock/alma+epel-8-x86_64/root/', '--releasever', '8', '--setopt=deltarpm=False', '--setopt=allow_vendor_change=yes', '--allowerasing', '--disableplugin=local', '--disableplugin=spacewalk', '--disableplugin=versionlock', '/var/lib/mock/alma+epel-8-x86_64/root//builddir/build/SRPMS/modsecurity-3.0.17-1.el8.src.rpm']
DEBUG util.py:717:  child environment: None
DEBUG util.py:631:  Using nspawn with args ['--capability=cap_ipc_lock', '--resolv-conf=off']
DEBUG util.py:636:  Executing command: ['/usr/bin/systemd-nspawn', '-q', '-M', 'a8ba8c3741b3428ea99333effc4fb962', '-D', '/var/lib/mock/alma+epel-8-x86_64-bootstrap/root', '-a', '--capability=cap_ipc_lock', '--resolv-conf=off', '--setenv=TERM=vt100', '--setenv=SHELL=/bin/bash', '--setenv=HOME=/var/lib/mock/alma+epel-8-x86_64/root/installation-homedir', '--setenv=HOSTNAME=mock', '--setenv=PATH=/usr/bin:/bin:/usr/sbin:/sbin', '--setenv=PROMPT_COMMAND=printf "\\033]0;<mock-chroot>\\007"', '--setenv=PS1=<mock-chroot> \\s-\\v\\$ ', '--setenv=LANG=C.UTF-8', '--setenv=LC_MESSAGES=C.UTF-8', '/usr/bin/dnf-3', 'builddep', '--installroot', '/var/lib/mock/alma+epel-8-x86_64/root/', '--releasever', '8', '--setopt=deltarpm=False', '--setopt=allow_vendor_change=yes', '--allowerasing', '--disableplugin=local', '--disableplugin=spacewalk', '--disableplugin=versionlock', '/var/lib/mock/alma+epel-8-x86_64/root//builddir/build/SRPMS/modsecurity-3.0.17-1.el8.src.rpm', '--setopt=tsflags=nocontexts'] with env {'TERM': 'vt100', 'SHELL': '/bin/bash', 'HOME': '/var/lib/mock/alma+epel-8-x86_64/root/installation-homedir', 'HOSTNAME': 'mock', 'PATH': '/usr/bin:/bin:/usr/sbin:/sbin', 'PROMPT_COMMAND': 'printf "\\033]0;<mock-chroot>\\007"', 'PS1': '<mock-chroot> \\s-\\v\\$ ', 'LANG': 'C.UTF-8', 'LC_MESSAGES': 'C.UTF-8', 'SYSTEMD_NSPAWN_TMPFS_TMP': '0', 'SYSTEMD_SECCOMP': '0'} and shell False
DEBUG util.py:535:  No matches found for the following disable plugin patterns: local, spacewalk, versionlock
DEBUG util.py:537:  AlmaLinux 8 - BaseOS                                                                                                                                         4.0 kB/s | 3.8 kB     00:00    
DEBUG util.py:537:  AlmaLinux 8 - AppStream                                                                                                                                      4.7 kB/s | 4.3 kB     00:00    
DEBUG util.py:537:  AlmaLinux 8 - PowerTools                                                                                                                                     4.9 kB/s | 4.2 kB     00:00    
DEBUG util.py:537:  AlmaLinux 8 - Extras                                                                                                                                         3.7 kB/s | 3.3 kB     00:00    
DEBUG util.py:537:  Extra Packages for Enterprise Linux 8 - x86_64                                                                                                               8.9 kB/s | 4.4 kB     00:00    
DEBUG util.py:537:  mock-localrepo                                                                                                                                               2.9 MB/s | 3.0 kB     00:00    
DEBUG util.py:537:  Package autoconf-2.69-29.el8_10.1.noarch is already installed.
DEBUG util.py:537:  Package automake-1.16.1-8.el8.noarch is already installed.
DEBUG util.py:537:  Package libcurl-devel-7.61.1-34.el8_10.13.x86_64 is already installed.
DEBUG util.py:537:  Package gcc-8.5.0-28.el8_10.alma.1.x86_64 is already installed.
DEBUG util.py:537:  Package gcc-c++-8.5.0-28.el8_10.alma.1.x86_64 is already installed.
DEBUG util.py:537:  Package git-2.43.7-1.el8_10.x86_64 is already installed.
DEBUG util.py:537:  Package libtool-2.4.6-25.el8.x86_64 is already installed.
DEBUG util.py:537:  Package libxml2-devel-2.9.7-21.el8_10.9.x86_64 is already installed.
DEBUG util.py:537:  Package lmdb-devel-0.9.24-2.el8.x86_64 is already installed.
DEBUG util.py:537:  Package make-1:4.2.1-11.el8.x86_64 is already installed.
DEBUG util.py:537:  Package pcre2-devel-10.32-3.el8_6.x86_64 is already installed.
DEBUG util.py:537:  Package pkgconf-pkg-config-1.4.2-1.el8.x86_64 is already installed.
DEBUG util.py:537:  Package yajl-devel-2.1.0-12.el8.x86_64 is already installed.
DEBUG util.py:537:  Package zlib-devel-1.2.11-25.el8.x86_64 is already installed.
DEBUG util.py:537:  Dependencies resolved.
DEBUG util.py:537:  Nothing to do.
DEBUG util.py:537:  Complete!
DEBUG util.py:688:  Child return code was: 0
DEBUG util.py:200:  kill orphans in chroot /var/lib/mock/alma+epel-8-x86_64/root
DEBUG util.py:200:  kill orphans in chroot /var/lib/mock/alma+epel-8-x86_64-bootstrap/root/var/lib/mock/alma+epel-8-x86_64/root
DEBUG util.py:717:  child environment: None
DEBUG util.py:636:  Executing command: ['/bin/umount', '-n', '-l', '/var/lib/mock/alma+epel-8-x86_64-bootstrap/root/var/lib/mock/alma+epel-8-x86_64/root'] with env {'TERM': 'vt100', 'SHELL': '/bin/sh', 'HOME': '/builddir', 'HOSTNAME': 'mock', 'PATH': '/usr/bin:/bin:/usr/sbin:/sbin', 'LANG': 'C.UTF-8'} and shell False
DEBUG util.py:688:  Child return code was: 0
DEBUG util.py:717:  child environment: None
DEBUG util.py:636:  Executing command: ['/bin/umount', '-n', '-l', '/var/lib/mock/alma+epel-8-x86_64-bootstrap/root/var/lib/mock/alma+epel-8-x86_64/root'] with env {'TERM': 'vt100', 'SHELL': '/bin/sh', 'HOME': '/builddir', 'HOSTNAME': 'mock', 'PATH': '/usr/bin:/bin:/usr/sbin:/sbin', 'LANG': 'C.UTF-8'} and shell False
DEBUG util.py:688:  Child return code was: 0
DEBUG util.py:717:  child environment: None
DEBUG util.py:636:  Executing command: ['/bin/umount', '-n', '-l', '/var/lib/mock/alma+epel-8-x86_64/root/sys/fs/selinux'] with env {'TERM': 'vt100', 'SHELL': '/bin/sh', 'HOME': '/builddir', 'HOSTNAME': 'mock', 'PATH': '/usr/bin:/bin:/usr/sbin:/sbin', 'LANG': 'C.UTF-8'} and shell False
DEBUG util.py:688:  Child return code was: 0
DEBUG util.py:717:  child environment: None
DEBUG util.py:636:  Executing command: ['/bin/umount', '-n', '/var/lib/mock/alma+epel-8-x86_64/root/proc/filesystems'] with env {'TERM': 'vt100', 'SHELL': '/bin/sh', 'HOME': '/builddir', 'HOSTNAME': 'mock', 'PATH': '/usr/bin:/bin:/usr/sbin:/sbin', 'LANG': 'C.UTF-8'} and shell False
DEBUG util.py:688:  Child return code was: 0
DEBUG util.py:717:  child environment: None
DEBUG util.py:636:  Executing command: ['/bin/umount', '-n', '-l', '/var/lib/mock/alma+epel-8-x86_64/root/dev/pts'] with env {'TERM': 'vt100', 'SHELL': '/bin/sh', 'HOME': '/builddir', 'HOSTNAME': 'mock', 'PATH': '/usr/bin:/bin:/usr/sbin:/sbin', 'LANG': 'C.UTF-8'} and shell False
DEBUG util.py:688:  Child return code was: 0
DEBUG util.py:717:  child environment: None
DEBUG util.py:636:  Executing command: ['/bin/umount', '-n', '-l', '/var/lib/mock/alma+epel-8-x86_64/root/dev/shm'] with env {'TERM': 'vt100', 'SHELL': '/bin/sh', 'HOME': '/builddir', 'HOSTNAME': 'mock', 'PATH': '/usr/bin:/bin:/usr/sbin:/sbin', 'LANG': 'C.UTF-8'} and shell False
DEBUG util.py:688:  Child return code was: 0
DEBUG util.py:717:  child environment: None
DEBUG util.py:636:  Executing command: ['/bin/umount', '-n', '-l', '/var/lib/mock/alma+epel-8-x86_64/root/sys'] with env {'TERM': 'vt100', 'SHELL': '/bin/sh', 'HOME': '/builddir', 'HOSTNAME': 'mock', 'PATH': '/usr/bin:/bin:/usr/sbin:/sbin', 'LANG': 'C.UTF-8'} and shell False
DEBUG util.py:688:  Child return code was: 0
DEBUG util.py:717:  child environment: None
DEBUG util.py:636:  Executing command: ['/bin/umount', '-n', '-l', '/var/lib/mock/alma+epel-8-x86_64/root/sys'] with env {'TERM': 'vt100', 'SHELL': '/bin/sh', 'HOME': '/builddir', 'HOSTNAME': 'mock', 'PATH': '/usr/bin:/bin:/usr/sbin:/sbin', 'LANG': 'C.UTF-8'} and shell False
DEBUG util.py:688:  Child return code was: 0
DEBUG util.py:717:  child environment: None
DEBUG util.py:636:  Executing command: ['/bin/umount', '-n', '-l', '/var/lib/mock/alma+epel-8-x86_64/root/proc'] with env {'TERM': 'vt100', 'SHELL': '/bin/sh', 'HOME': '/builddir', 'HOSTNAME': 'mock', 'PATH': '/usr/bin:/bin:/usr/sbin:/sbin', 'LANG': 'C.UTF-8'} and shell False
DEBUG util.py:688:  Child return code was: 0
DEBUG util.py:717:  child environment: None
DEBUG util.py:636:  Executing command: ['/bin/umount', '-n', '-l', '/var/lib/mock/alma+epel-8-x86_64/root/proc'] with env {'TERM': 'vt100', 'SHELL': '/bin/sh', 'HOME': '/builddir', 'HOSTNAME': 'mock', 'PATH': '/usr/bin:/bin:/usr/sbin:/sbin', 'LANG': 'C.UTF-8'} and shell False
DEBUG util.py:688:  Child return code was: 0
DEBUG buildroot.py:723:  removing 3 rpm db files
DEBUG buildroot.py:728:  nuke_rpm_db: removing /var/lib/mock/alma+epel-8-x86_64/root/var/lib/rpm/__db.001
DEBUG buildroot.py:728:  nuke_rpm_db: removing /var/lib/mock/alma+epel-8-x86_64/root/var/lib/rpm/__db.002
DEBUG buildroot.py:728:  nuke_rpm_db: removing /var/lib/mock/alma+epel-8-x86_64/root/var/lib/rpm/__db.003
DEBUG file_util.py:17:  ensuring that dir exists: /var/lib/mock/alma+epel-8-x86_64-bootstrap/root/var/lib/mock/alma+epel-8-x86_64/root
DEBUG util.py:717:  child environment: None
DEBUG util.py:636:  Executing command: ['/bin/mount', '-n', '-t', 'tmpfs', '-o', 'private,mode=0755', 'tmpfs', '/var/lib/mock/alma+epel-8-x86_64-bootstrap/root/var/lib/mock/alma+epel-8-x86_64/root'] with env {'TERM': 'vt100', 'SHELL': '/bin/sh', 'HOME': '/builddir', 'HOSTNAME': 'mock', 'PATH': '/usr/bin:/bin:/usr/sbin:/sbin', 'LANG': 'C.UTF-8'} and shell False
DEBUG util.py:688:  Child return code was: 0
DEBUG file_util.py:17:  ensuring that dir exists: /var/lib/mock/alma+epel-8-x86_64-bootstrap/root/var/lib/mock/alma+epel-8-x86_64/root
DEBUG util.py:717:  child environment: None
DEBUG util.py:636:  Executing command: ['/bin/mount', '-n', '-o', 'rbind', '/var/lib/mock/alma+epel-8-x86_64/root', '/var/lib/mock/alma+epel-8-x86_64-bootstrap/root/var/lib/mock/alma+epel-8-x86_64/root'] with env {'TERM': 'vt100', 'SHELL': '/bin/sh', 'HOME': '/builddir', 'HOSTNAME': 'mock', 'PATH': '/usr/bin:/bin:/usr/sbin:/sbin', 'LANG': 'C.UTF-8'} and shell False
DEBUG util.py:688:  Child return code was: 0
DEBUG util.py:717:  child environment: None
DEBUG util.py:636:  Executing command: ['/bin/mount', '-n', '-o', 'remount,private,rbind', '--target', '/var/lib/mock/alma+epel-8-x86_64-bootstrap/root/var/lib/mock/alma+epel-8-x86_64/root'] with env {'TERM': 'vt100', 'SHELL': '/bin/sh', 'HOME': '/builddir', 'HOSTNAME': 'mock', 'PATH': '/usr/bin:/bin:/usr/sbin:/sbin', 'LANG': 'C.UTF-8'} and shell False
DEBUG util.py:688:  Child return code was: 0
DEBUG util.py:717:  child environment: None
DEBUG util.py:631:  Using nspawn with args ['--capability=cap_ipc_lock', '--resolv-conf=off']
DEBUG util.py:636:  Executing command: ['/usr/bin/systemd-nspawn', '-q', '-M', 'b8ce02bbb2ac45df82713d9ff9163543', '-D', '/var/lib/mock/alma+epel-8-x86_64-bootstrap/root', '-a', '--capability=cap_ipc_lock', '--resolv-conf=off', '--setenv=TERM=vt100', '--setenv=SHELL=/bin/bash', '--setenv=HOME=/builddir', '--setenv=HOSTNAME=mock', '--setenv=PATH=/usr/bin:/bin:/usr/sbin:/sbin', '--setenv=PROMPT_COMMAND=printf "\\033]0;<mock-chroot>\\007"', '--setenv=PS1=<mock-chroot> \\s-\\v\\$ ', '--setenv=LANG=C.UTF-8', '/bin/rpm', '-qa', '--root', '/var/lib/mock/alma+epel-8-x86_64/root'] with env {'TERM': 'vt100', 'SHELL': '/bin/bash', 'HOME': '/builddir', 'HOSTNAME': 'mock', 'PATH': '/usr/bin:/bin:/usr/sbin:/sbin', 'PROMPT_COMMAND': 'printf "\\033]0;<mock-chroot>\\007"', 'PS1': '<mock-chroot> \\s-\\v\\$ ', 'LANG': 'C.UTF-8', 'SYSTEMD_NSPAWN_TMPFS_TMP': '0', 'SYSTEMD_SECCOMP': '0'} and shell False
DEBUG util.py:537:  gpg-pubkey-ced7258b-6525146f
DEBUG util.py:537:  libgcc-8.5.0-28.el8_10.alma.1.x86_64
DEBUG util.py:537:  crypto-policies-20230731-1.git3177e06.el8.noarch
DEBUG util.py:537:  python3-setuptools-wheel-39.2.0-9.el8_10.noarch
DEBUG util.py:537:  almalinux-release-8.10-1.el8.x86_64
DEBUG util.py:537:  filesystem-3.8-6.el8.x86_64
DEBUG util.py:537:  python3-rpm-macros-3-45.el8.noarch
DEBUG util.py:537:  ansible-srpm-macros-1-12.el8.noarch
DEBUG util.py:537:  qt5-srpm-macros-5.15.3-1.el8.noarch
DEBUG util.py:537:  openblas-srpm-macros-2-2.el8.noarch
DEBUG util.py:537:  go-srpm-macros-2-17.el8.noarch
DEBUG util.py:537:  tzdata-2026c-1.el8_10.noarch
DEBUG util.py:537:  pkgconf-m4-1.4.2-1.el8.noarch
DEBUG util.py:537:  pcre2-10.32-3.el8_6.x86_64
DEBUG util.py:537:  glibc-all-langpacks-2.28-251.el8_10.40.x86_64
DEBUG util.py:537:  glibc-gconv-extra-2.28-251.el8_10.40.x86_64
DEBUG util.py:537:  glibc-2.28-251.el8_10.40.x86_64
DEBUG util.py:537:  libsepol-2.9-3.el8.x86_64
DEBUG util.py:537:  info-6.5-7.el8.x86_64
DEBUG util.py:537:  xz-libs-5.2.4-4.el8_6.x86_64
DEBUG util.py:537:  libacl-2.4.0-1.el8_10.x86_64
DEBUG util.py:537:  libxcrypt-4.1.1-6.el8.x86_64
DEBUG util.py:537:  elfutils-libelf-0.190-2.el8.alma.1.x86_64
DEBUG util.py:537:  readline-7.0-10.el8.x86_64
DEBUG util.py:537:  libcap-2.48-6.el8_10.1.x86_64
DEBUG util.py:537:  sed-4.5-5.el8_10.x86_64
DEBUG util.py:537:  libuuid-2.32.1-48.el8_10.x86_64
DEBUG util.py:537:  libunistring-0.9.9-3.el8.x86_64
DEBUG util.py:537:  libgpg-error-1.31-1.el8.x86_64
DEBUG util.py:537:  p11-kit-0.23.22-2.el8.x86_64
DEBUG util.py:537:  libmpc-1.1.0-9.1.el8.x86_64
DEBUG util.py:537:  libattr-2.6.0-1.el8_10.x86_64
DEBUG util.py:537:  libgcrypt-1.8.5-8.el8_10.x86_64
DEBUG util.py:537:  findutils-4.6.0-24.el8_10.x86_64
DEBUG util.py:537:  elfutils-libs-0.190-2.el8.alma.1.x86_64
DEBUG util.py:537:  gdbm-libs-1.18-2.el8.x86_64
DEBUG util.py:537:  libcap-ng-0.7.11-1.el8.x86_64
DEBUG util.py:537:  libtasn1-4.13-6.el8_10.x86_64
DEBUG util.py:537:  lz4-libs-1.8.3-5.el8_10.x86_64
DEBUG util.py:537:  grep-3.1-6.el8.x86_64
DEBUG util.py:537:  libsemanage-2.9-12.el8_10.x86_64
DEBUG util.py:537:  elfutils-0.190-2.el8.alma.1.x86_64
DEBUG util.py:537:  patch-2.7.6-11.el8.x86_64
DEBUG util.py:537:  libpsl-0.20.2-6.el8.x86_64
DEBUG util.py:537:  libksba-1.3.5-9.el8_7.x86_64
DEBUG util.py:537:  libstdc++-devel-8.5.0-28.el8_10.alma.1.x86_64
DEBUG util.py:537:  tar-1.30-13.el8_10.x86_64
DEBUG util.py:537:  gnutls-3.6.16-8.el8_10.6.x86_64
DEBUG util.py:537:  libxml2-2.9.7-21.el8_10.9.x86_64
DEBUG util.py:537:  coreutils-common-8.30-21.el8_10.x86_64
DEBUG util.py:537:  libgomp-8.5.0-28.el8_10.alma.1.x86_64
DEBUG util.py:537:  cpio-2.12-11.el8.x86_64
DEBUG util.py:537:  libpkgconf-1.4.2-1.el8.x86_64
DEBUG util.py:537:  pkgconf-pkg-config-1.4.2-1.el8.x86_64
DEBUG util.py:537:  gawk-4.2.1-4.el8.x86_64
DEBUG util.py:537:  libtool-ltdl-2.4.6-25.el8.x86_64
DEBUG util.py:537:  ncurses-6.1-10.20180224.el8.x86_64
DEBUG util.py:537:  coreutils-8.30-21.el8_10.x86_64
DEBUG util.py:537:  libdb-5.3.28-42.el8_4.x86_64
DEBUG util.py:537:  libtirpc-1.1.4-12.el8_10.x86_64
DEBUG util.py:537:  libmount-2.32.1-48.el8_10.x86_64
DEBUG util.py:537:  libnsl2-1.2.0-2.20180605git4a062cf.el8.x86_64
DEBUG util.py:537:  platform-python-3.6.8-78.el8_10.alma.1.x86_64
DEBUG util.py:537:  binutils-2.30-128.el8_10.x86_64
DEBUG util.py:537:  cracklib-2.9.6-15.el8.x86_64
DEBUG util.py:537:  shadow-utils-4.6-23.el8_10.x86_64
DEBUG util.py:537:  tpm2-tss-2.3.2-6.el8.x86_64
DEBUG util.py:537:  libpwquality-1.4.4-6.el8.x86_64
DEBUG util.py:537:  libusbx-1.0.30-1.el8_10.x86_64
DEBUG util.py:537:  libbabeltrace-1.5.4-4.el8.x86_64
DEBUG util.py:537:  cyrus-sasl-lib-2.1.27-6.el8_5.x86_64
DEBUG util.py:537:  libdb-utils-5.3.28-42.el8_4.x86_64
DEBUG util.py:537:  npth-1.5-4.el8.x86_64
DEBUG util.py:537:  libatomic_ops-7.6.2-3.el8.x86_64
DEBUG util.py:537:  guile-2.0.14-7.el8.x86_64
DEBUG util.py:537:  libssh-config-0.9.6-17.el8_10.noarch
DEBUG util.py:537:  libcurl-7.61.1-34.el8_10.13.x86_64
DEBUG util.py:537:  rpm-libs-4.14.3-32.el8_10.x86_64
DEBUG util.py:537:  efi-srpm-macros-3-3.el8.noarch
DEBUG util.py:537:  rpm-build-libs-4.14.3-32.el8_10.x86_64
DEBUG util.py:537:  kernel-headers-4.18.0-553.169.1.el8_10.x86_64
DEBUG util.py:537:  glibc-devel-2.28-251.el8_10.40.x86_64
DEBUG util.py:537:  gcc-8.5.0-28.el8_10.alma.1.x86_64
DEBUG util.py:537:  gcc-plugin-annobin-8.5.0-28.el8_10.alma.1.x86_64
DEBUG util.py:537:  rpm-build-4.14.3-32.el8_10.x86_64
DEBUG util.py:537:  epel-rpm-macros-8-43.noarch
DEBUG util.py:537:  which-2.21-21.el8_10.x86_64
DEBUG util.py:537:  emacs-filesystem-26.1-15.el8_10.noarch
DEBUG util.py:537:  cmake-filesystem-3.26.5-2.el8.x86_64
DEBUG util.py:537:  xz-devel-5.2.4-4.el8_6.x86_64
DEBUG util.py:537:  pcre2-utf16-10.32-3.el8_6.x86_64
DEBUG util.py:537:  openssh-8.0p1-33.el8_10.x86_64
DEBUG util.py:537:  lmdb-libs-0.9.24-2.el8.x86_64
DEBUG util.py:537:  openssh-clients-8.0p1-33.el8_10.x86_64
DEBUG util.py:537:  git-core-2.43.7-1.el8_10.x86_64
DEBUG util.py:537:  groff-base-1.22.3-18.el8.x86_64
DEBUG util.py:537:  perl-Digest-MD5-2.55-396.el8.x86_64
DEBUG util.py:537:  perl-libnet-3.11-3.el8.noarch
DEBUG util.py:537:  perl-Pod-Escapes-1.07-395.el8.noarch
DEBUG util.py:537:  perl-Time-Local-1.280-1.el8.noarch
DEBUG util.py:537:  perl-IO-Socket-SSL-2.066-4.module_el8.6.0+2811+fe6c84b0.noarch
DEBUG util.py:537:  perl-Term-ANSIColor-4.06-396.el8.noarch
DEBUG util.py:537:  perl-File-Temp-0.230.600-1.el8.noarch
DEBUG util.py:537:  perl-Pod-Simple-3.35-395.el8.noarch
DEBUG util.py:537:  perl-Pod-Perldoc-3.28-396.el8.noarch
DEBUG util.py:537:  perl-Pod-Usage-1.69-395.el8.noarch
DEBUG util.py:537:  perl-Storable-3.11-3.el8.x86_64
DEBUG util.py:537:  perl-Errno-1.28-423.el8_10.1.x86_64
DEBUG util.py:537:  perl-Encode-2.97-3.el8.x86_64
DEBUG util.py:537:  perl-Exporter-5.72-396.el8.noarch
DEBUG util.py:537:  perl-Scalar-List-Utils-1.49-2.el8.x86_64
DEBUG util.py:537:  perl-macros-5.26.3-423.el8_10.1.x86_64
DEBUG util.py:537:  perl-Unicode-Normalize-1.25-396.el8.x86_64
DEBUG util.py:537:  perl-IO-1.38-423.el8_10.1.x86_64
DEBUG util.py:537:  perl-constant-1.33-396.el8.noarch
DEBUG util.py:537:  perl-threads-shared-1.58-2.el8.x86_64
DEBUG util.py:537:  autoconf-2.69-29.el8_10.1.noarch
DEBUG util.py:537:  perl-TermReadKey-2.37-7.el8.x86_64
DEBUG util.py:537:  git-2.43.7-1.el8_10.x86_64
DEBUG util.py:537:  automake-1.16.1-8.el8.noarch
DEBUG util.py:537:  lmdb-devel-0.9.24-2.el8.x86_64
DEBUG util.py:537:  libxml2-devel-2.9.7-21.el8_10.9.x86_64
DEBUG util.py:537:  libcurl-devel-7.61.1-34.el8_10.13.x86_64
DEBUG util.py:537:  gpg-pubkey-3abb34f8-5ffd890e
DEBUG util.py:537:  gpg-pubkey-2f86d6a1-5cf7cefb
DEBUG util.py:537:  python-srpm-macros-3-45.el8.noarch
DEBUG util.py:537:  python-rpm-macros-3-45.el8.noarch
DEBUG util.py:537:  python3-pip-wheel-9.0.3-24.el8.noarch
DEBUG util.py:537:  setup-2.12.2-9.el8.noarch
DEBUG util.py:537:  basesystem-11-5.el8.noarch
DEBUG util.py:537:  fpc-srpm-macros-1.3-1.el8.noarch
DEBUG util.py:537:  rust-srpm-macros-5-2.el8.noarch
DEBUG util.py:537:  perl-srpm-macros-1-25.el8.noarch
DEBUG util.py:537:  ocaml-srpm-macros-5-4.el8.noarch
DEBUG util.py:537:  ghc-srpm-macros-1.4.2-7.el8.noarch
DEBUG util.py:537:  publicsuffix-list-dafsa-20180723-1.el8.noarch
DEBUG util.py:537:  ncurses-base-6.1-10.20180224.el8.noarch
DEBUG util.py:537:  libselinux-2.9-11.el8_10.x86_64
DEBUG util.py:537:  ncurses-libs-6.1-10.20180224.el8.x86_64
DEBUG util.py:537:  glibc-common-2.28-251.el8_10.40.x86_64
DEBUG util.py:537:  bash-4.4.20-6.el8_10.x86_64
DEBUG util.py:537:  zlib-1.2.11-25.el8.x86_64
DEBUG util.py:537:  bzip2-libs-1.0.6-28.el8_10.x86_64
DEBUG util.py:537:  gmp-6.1.2-11.el8.x86_64
DEBUG util.py:537:  libstdc++-8.5.0-28.el8_10.alma.1.x86_64
DEBUG util.py:537:  libzstd-1.4.4-1.el8.x86_64
DEBUG util.py:537:  mpfr-3.1.6-1.el8.x86_64
DEBUG util.py:537:  sqlite-libs-3.26.0-21.el8_10.x86_64
DEBUG util.py:537:  popt-1.18-1.el8.x86_64
DEBUG util.py:537:  libcom_err-1.45.6-7.el8_10.x86_64
DEBUG util.py:537:  chkconfig-1.19.2-1.el8.x86_64
DEBUG util.py:537:  libffi-3.1-24.el8.x86_64
DEBUG util.py:537:  lua-libs-5.3.4-12.el8.x86_64
DEBUG util.py:537:  libidn2-2.2.0-1.el8.x86_64
DEBUG util.py:537:  file-libs-5.33-27.el8_10.x86_64
DEBUG util.py:537:  file-5.33-27.el8_10.x86_64
DEBUG util.py:537:  unzip-6.0-48.el8_10.x86_64
DEBUG util.py:537:  elfutils-default-yama-scope-0.190-2.el8.alma.1.noarch
DEBUG util.py:537:  expat-2.5.0-4.el8_10.x86_64
DEBUG util.py:537:  keyutils-libs-1.5.10-9.el8.x86_64
DEBUG util.py:537:  audit-libs-3.1.2-1.el8_10.1.x86_64
DEBUG util.py:537:  p11-kit-trust-0.23.22-2.el8.x86_64
DEBUG util.py:537:  pcre-8.42-6.el8.x86_64
DEBUG util.py:537:  xz-5.2.4-4.el8_6.x86_64
DEBUG util.py:537:  gdbm-1.18-2.el8.x86_64
DEBUG util.py:537:  zip-3.0-23.el8.x86_64
DEBUG util.py:537:  cpp-8.5.0-28.el8_10.alma.1.x86_64
DEBUG util.py:537:  libassuan-2.5.1-3.el8.x86_64
DEBUG util.py:537:  dwz-0.12-10.el8.x86_64
DEBUG util.py:537:  zstd-1.4.4-1.el8.x86_64
DEBUG util.py:537:  nettle-3.4.1-7.el8.x86_64
DEBUG util.py:537:  isl-0.16.1-6.el8.x86_64
DEBUG util.py:537:  bzip2-1.0.6-28.el8_10.x86_64
DEBUG util.py:537:  diffutils-3.6-6.el8.x86_64
DEBUG util.py:537:  brotli-1.0.6-4.el8_10.x86_64
DEBUG util.py:537:  libnghttp2-1.33.0-6.el8_10.3.x86_64
DEBUG util.py:537:  pkgconf-1.4.2-1.el8.x86_64
DEBUG util.py:537:  libsigsegv-2.11-5.el8.x86_64
DEBUG util.py:537:  libsmartcols-2.32.1-48.el8_10.x86_64
DEBUG util.py:537:  libverto-0.3.2-2.el8.x86_64
DEBUG util.py:537:  openssl-libs-1.1.1k-17.el8_6.x86_64
DEBUG util.py:537:  ca-certificates-2025.2.80_v9.0.304-80.2.el8_10.noarch
DEBUG util.py:537:  krb5-libs-1.18.2-34.el8_10.x86_64
DEBUG util.py:537:  libblkid-2.32.1-48.el8_10.x86_64
DEBUG util.py:537:  systemd-libs-239-82.el8_10.19.x86_64
DEBUG util.py:537:  platform-python-setuptools-39.2.0-9.el8_10.noarch
DEBUG util.py:537:  python3-libs-3.6.8-78.el8_10.alma.1.x86_64
DEBUG util.py:537:  gzip-1.9-15.el8_10.x86_64
DEBUG util.py:537:  cracklib-dicts-2.9.6-15.el8.x86_64
DEBUG util.py:537:  libutempter-1.1.6-14.el8.x86_64
DEBUG util.py:537:  ima-evm-utils-1.3.2-12.el8.x86_64
DEBUG util.py:537:  pam-1.3.1-40.el8_10.x86_64
DEBUG util.py:537:  glib2-2.56.4-178.el8_10.x86_64
DEBUG util.py:537:  libfdisk-2.32.1-48.el8_10.x86_64
DEBUG util.py:537:  openldap-2.4.46-21.el8_10.x86_64
DEBUG util.py:537:  libarchive-3.3.3-7.el8_10.x86_64
DEBUG util.py:537:  gnupg2-2.2.20-4.el8_10.x86_64
DEBUG util.py:537:  gc-7.6.4-3.el8.x86_64
DEBUG util.py:537:  libipt-1.6.1-8.el8.x86_64
DEBUG util.py:537:  libssh-0.9.6-17.el8_10.x86_64
DEBUG util.py:537:  curl-7.61.1-34.el8_10.13.x86_64
DEBUG util.py:537:  rpm-4.14.3-32.el8_10.x86_64
DEBUG util.py:537:  lua-srpm-macros-1-13.el8.noarch
DEBUG util.py:537:  gdb-headless-8.2-20.el8.x86_64
DEBUG util.py:537:  glibc-headers-2.28-251.el8_10.40.x86_64
DEBUG util.py:537:  libxcrypt-devel-4.1.1-6.el8.x86_64
DEBUG util.py:537:  annobin-13.27-1.el8_10.x86_64
DEBUG util.py:537:  redhat-rpm-config-131-1.el8.alma.noarch
DEBUG util.py:537:  gcc-c++-8.5.0-28.el8_10.alma.1.x86_64
DEBUG util.py:537:  util-linux-2.32.1-48.el8_10.x86_64
DEBUG util.py:537:  make-4.2.1-11.el8.x86_64
DEBUG util.py:537:  yajl-2.1.0-12.el8.x86_64
DEBUG util.py:537:  zlib-devel-1.2.11-25.el8.x86_64
DEBUG util.py:537:  pcre2-utf32-10.32-3.el8_6.x86_64
DEBUG util.py:537:  openssl-1.1.1k-17.el8_6.x86_64
DEBUG util.py:537:  m4-1.4.18-7.el8.x86_64
DEBUG util.py:537:  libedit-3.1-23.20170329cvs.el8.x86_64
DEBUG util.py:537:  less-530-3.el8_10.x86_64
DEBUG util.py:537:  git-core-doc-2.43.7-1.el8_10.noarch
DEBUG util.py:537:  perl-Digest-1.17-395.el8.noarch
DEBUG util.py:537:  perl-Data-Dumper-2.167-399.el8.x86_64
DEBUG util.py:537:  perl-URI-1.73-3.el8.noarch
DEBUG util.py:537:  perl-IO-Socket-IP-0.39-5.el8.noarch
DEBUG util.py:537:  perl-Mozilla-CA-20160104-7.module_el8.5.0+2812+ed912d05.noarch
DEBUG util.py:537:  perl-Net-SSLeay-1.88-2.module_el8.6.0+2811+fe6c84b0.x86_64
DEBUG util.py:537:  perl-Term-Cap-1.17-395.el8.noarch
DEBUG util.py:537:  perl-HTTP-Tiny-0.074-3.el8.noarch
DEBUG util.py:537:  perl-podlators-4.11-1.el8.noarch
DEBUG util.py:537:  perl-Text-ParseWords-3.30-395.el8.noarch
DEBUG util.py:537:  perl-MIME-Base64-3.15-396.el8.x86_64
DEBUG util.py:537:  perl-Getopt-Long-2.50-4.el8.noarch
DEBUG util.py:537:  perl-Socket-2.027-3.el8.x86_64
DEBUG util.py:537:  perl-Carp-1.42-396.el8.noarch
DEBUG util.py:537:  perl-libs-5.26.3-423.el8_10.1.x86_64
DEBUG util.py:537:  perl-parent-0.237-1.el8.noarch
DEBUG util.py:537:  perl-Text-Tabs+Wrap-2013.0523-395.el8.noarch
DEBUG util.py:537:  perl-File-Path-2.15-2.el8.noarch
DEBUG util.py:537:  perl-PathTools-3.74-1.el8.x86_64
DEBUG util.py:537:  perl-threads-2.21-2.el8.x86_64
DEBUG util.py:537:  perl-interpreter-5.26.3-423.el8_10.1.x86_64
DEBUG util.py:537:  perl-Error-0.17025-2.el8.noarch
DEBUG util.py:537:  perl-Git-2.43.7-1.el8_10.noarch
DEBUG util.py:537:  perl-Thread-Queue-3.13-1.el8.noarch
DEBUG util.py:537:  libtool-2.4.6-25.el8.x86_64
DEBUG util.py:537:  pcre2-devel-10.32-3.el8_6.x86_64
DEBUG util.py:537:  yajl-devel-2.1.0-12.el8.x86_64
DEBUG util.py:688:  Child return code was: 0
DEBUG util.py:200:  kill orphans in chroot /var/lib/mock/alma+epel-8-x86_64/root
DEBUG util.py:200:  kill orphans in chroot /var/lib/mock/alma+epel-8-x86_64-bootstrap/root/var/lib/mock/alma+epel-8-x86_64/root
DEBUG util.py:717:  child environment: None
DEBUG util.py:636:  Executing command: ['/bin/umount', '-n', '-l', '/var/lib/mock/alma+epel-8-x86_64-bootstrap/root/var/lib/mock/alma+epel-8-x86_64/root'] with env {'TERM': 'vt100', 'SHELL': '/bin/sh', 'HOME': '/builddir', 'HOSTNAME': 'mock', 'PATH': '/usr/bin:/bin:/usr/sbin:/sbin', 'LANG': 'C.UTF-8'} and shell False
DEBUG util.py:688:  Child return code was: 0
DEBUG util.py:717:  child environment: None
DEBUG util.py:636:  Executing command: ['/bin/umount', '-n', '-l', '/var/lib/mock/alma+epel-8-x86_64-bootstrap/root/var/lib/mock/alma+epel-8-x86_64/root'] with env {'TERM': 'vt100', 'SHELL': '/bin/sh', 'HOME': '/builddir', 'HOSTNAME': 'mock', 'PATH': '/usr/bin:/bin:/usr/sbin:/sbin', 'LANG': 'C.UTF-8'} and shell False
DEBUG util.py:688:  Child return code was: 0
DEBUG file_util.py:17:  ensuring that dir exists: /var/lib/mock/alma+epel-8-x86_64-bootstrap/root/var/lib/mock/alma+epel-8-x86_64/root
DEBUG util.py:717:  child environment: None
DEBUG util.py:636:  Executing command: ['/bin/mount', '-n', '-t', 'tmpfs', '-o', 'private,mode=0755', 'tmpfs', '/var/lib/mock/alma+epel-8-x86_64-bootstrap/root/var/lib/mock/alma+epel-8-x86_64/root'] with env {'TERM': 'vt100', 'SHELL': '/bin/sh', 'HOME': '/builddir', 'HOSTNAME': 'mock', 'PATH': '/usr/bin:/bin:/usr/sbin:/sbin', 'LANG': 'C.UTF-8'} and shell False
DEBUG util.py:688:  Child return code was: 0
DEBUG file_util.py:17:  ensuring that dir exists: /var/lib/mock/alma+epel-8-x86_64-bootstrap/root/var/lib/mock/alma+epel-8-x86_64/root
DEBUG util.py:717:  child environment: None
DEBUG util.py:636:  Executing command: ['/bin/mount', '-n', '-o', 'rbind', '/var/lib/mock/alma+epel-8-x86_64/root', '/var/lib/mock/alma+epel-8-x86_64-bootstrap/root/var/lib/mock/alma+epel-8-x86_64/root'] with env {'TERM': 'vt100', 'SHELL': '/bin/sh', 'HOME': '/builddir', 'HOSTNAME': 'mock', 'PATH': '/usr/bin:/bin:/usr/sbin:/sbin', 'LANG': 'C.UTF-8'} and shell False
DEBUG util.py:688:  Child return code was: 0
DEBUG util.py:717:  child environment: None
DEBUG util.py:636:  Executing command: ['/bin/mount', '-n', '-o', 'remount,private,rbind', '--target', '/var/lib/mock/alma+epel-8-x86_64-bootstrap/root/var/lib/mock/alma+epel-8-x86_64/root'] with env {'TERM': 'vt100', 'SHELL': '/bin/sh', 'HOME': '/builddir', 'HOSTNAME': 'mock', 'PATH': '/usr/bin:/bin:/usr/sbin:/sbin', 'LANG': 'C.UTF-8'} and shell False
DEBUG util.py:688:  Child return code was: 0
DEBUG util.py:717:  child environment: None
DEBUG util.py:631:  Using nspawn with args ['--capability=cap_ipc_lock', '--resolv-conf=off']
DEBUG util.py:636:  Executing command: ['/usr/bin/systemd-nspawn', '-q', '-M', '88ce7680ccb04108bd5ef52960d1b72e', '-D', '/var/lib/mock/alma+epel-8-x86_64-bootstrap/root', '-a', '--capability=cap_ipc_lock', '--resolv-conf=off', '--setenv=TERM=vt100', '--setenv=SHELL=/bin/bash', '--setenv=HOME=/builddir', '--setenv=HOSTNAME=mock', '--setenv=PATH=/usr/bin:/bin:/usr/sbin:/sbin', '--setenv=PROMPT_COMMAND=printf "\\033]0;<mock-chroot>\\007"', '--setenv=PS1=<mock-chroot> \\s-\\v\\$ ', '--setenv=LANG=C.UTF-8', '/bin/sh', '-c', "rpm -qa --root '/var/lib/mock/alma+epel-8-x86_64/root' --qf '%{nevra} %{buildtime} %{size} installed\\n'"] with env {'TERM': 'vt100', 'SHELL': '/bin/bash', 'HOME': '/builddir', 'HOSTNAME': 'mock', 'PATH': '/usr/bin:/bin:/usr/sbin:/sbin', 'PROMPT_COMMAND': 'printf "\\033]0;<mock-chroot>\\007"', 'PS1': '<mock-chroot> \\s-\\v\\$ ', 'LANG': 'C.UTF-8', 'SYSTEMD_NSPAWN_TMPFS_TMP': '0', 'SYSTEMD_SECCOMP': '0'} and shell False
DEBUG util.py:537:  gpg-pubkey-ced7258b-6525146f 1696928879 0 installed
DEBUG util.py:537:  libgcc-8.5.0-28.el8_10.alma.1.x86_64 1756209600 190232 installed
DEBUG util.py:537:  crypto-policies-20230731-1.git3177e06.el8.noarch 1697342317 73739 installed
DEBUG util.py:537:  python3-setuptools-wheel-39.2.0-9.el8_10.noarch 1752570848 345327 installed
DEBUG util.py:537:  almalinux-release-8.10-1.el8.x86_64 1716389384 40011 installed
DEBUG util.py:537:  filesystem-3.8-6.el8.x86_64 1633769510 0 installed
DEBUG util.py:537:  python3-rpm-macros-3-45.el8.noarch 1684241739 3714 installed
DEBUG util.py:537:  ansible-srpm-macros-1-12.el8.noarch 1707101462 36518 installed
DEBUG util.py:537:  qt5-srpm-macros-5.15.3-1.el8.noarch 1665240446 0 installed
DEBUG util.py:537:  openblas-srpm-macros-2-2.el8.noarch 1571258850 104 installed
DEBUG util.py:537:  go-srpm-macros-2-17.el8.noarch 1617893120 7342 installed
DEBUG util.py:537:  tzdata-2026c-1.el8_10.noarch 1786035184 1976397 installed
DEBUG util.py:537:  pkgconf-m4-1.4.2-1.el8.noarch 1570949719 14187 installed
DEBUG util.py:537:  pcre2-10.32-3.el8_6.x86_64 1659456464 656742 installed
DEBUG util.py:537:  glibc-all-langpacks-2.28-251.el8_10.40.x86_64 1784646418 436464832 installed
DEBUG util.py:537:  glibc-gconv-extra-2.28-251.el8_10.40.x86_64 1784646418 6416038 installed
DEBUG util.py:537:  glibc-2.28-251.el8_10.40.x86_64 1784646418 6880472 installed
DEBUG util.py:537:  libsepol-2.9-3.el8.x86_64 1633747466 761592 installed
DEBUG util.py:537:  info-6.5-7.el8.x86_64 1650301777 386466 installed
DEBUG util.py:537:  xz-libs-5.2.4-4.el8_6.x86_64 1655211822 164967 installed
DEBUG util.py:537:  libacl-2.4.0-1.el8_10.x86_64 1784718339 46112 installed
DEBUG util.py:537:  libxcrypt-4.1.1-6.el8.x86_64 1633752252 185860 installed
DEBUG util.py:537:  elfutils-libelf-0.190-2.el8.alma.1.x86_64 1756126628 1024034 installed
DEBUG util.py:537:  readline-7.0-10.el8.x86_64 1570799624 466321 installed
DEBUG util.py:537:  libcap-2.48-6.el8_10.1.x86_64 1777926826 164965 installed
DEBUG util.py:537:  sed-4.5-5.el8_10.x86_64 1776194598 764966 installed
DEBUG util.py:537:  libuuid-2.32.1-48.el8_10.x86_64 1770236304 35104 installed
DEBUG util.py:537:  libunistring-0.9.9-3.el8.x86_64 1570877206 1855932 installed
DEBUG util.py:537:  libgpg-error-1.31-1.el8.x86_64 1570882847 902818 installed
DEBUG util.py:537:  p11-kit-0.23.22-2.el8.x86_64 1712412985 1650594 installed
DEBUG util.py:537:  libmpc-1.1.0-9.1.el8.x86_64 1617859705 127085 installed
DEBUG util.py:537:  libattr-2.6.0-1.el8_10.x86_64 1787058562 25716 installed
DEBUG util.py:537:  libgcrypt-1.8.5-8.el8_10.x86_64 1785291379 1269750 installed
DEBUG util.py:537:  findutils-1:4.6.0-24.el8_10.x86_64 1766069842 1768980 installed
DEBUG util.py:537:  elfutils-libs-0.190-2.el8.alma.1.x86_64 1756126628 738263 installed
DEBUG util.py:537:  gdbm-libs-1:1.18-2.el8.x86_64 1665235333 118448 installed
DEBUG util.py:537:  libcap-ng-0.7.11-1.el8.x86_64 1633740976 51470 installed
DEBUG util.py:537:  libtasn1-4.13-6.el8_10.x86_64 1783523142 165309 installed
DEBUG util.py:537:  lz4-libs-1.8.3-5.el8_10.x86_64 1752571479 121151 installed
DEBUG util.py:537:  grep-3.1-6.el8.x86_64 1570806983 835205 installed
DEBUG util.py:537:  libsemanage-2.9-12.el8_10.x86_64 1748916414 312384 installed
DEBUG util.py:537:  elfutils-0.190-2.el8.alma.1.x86_64 1756126628 2932142 installed
DEBUG util.py:537:  patch-2.7.6-11.el8.x86_64 1591024468 277241 installed
DEBUG util.py:537:  libpsl-0.20.2-6.el8.x86_64 1597740996 70716 installed
DEBUG util.py:537:  libksba-1.3.5-9.el8_7.x86_64 1675786363 334047 installed
DEBUG util.py:537:  libstdc++-devel-8.5.0-28.el8_10.alma.1.x86_64 1756209600 11815138 installed
DEBUG util.py:537:  tar-2:1.30-13.el8_10.x86_64 1790105994 2885478 installed
DEBUG util.py:537:  gnutls-3.6.16-8.el8_10.6.x86_64 1779780336 3016295 installed
DEBUG util.py:537:  libxml2-2.9.7-21.el8_10.9.x86_64 1790267723 1755602 installed
DEBUG util.py:537:  coreutils-common-8.30-21.el8_10.x86_64 1790075098 9896370 installed
DEBUG util.py:537:  libgomp-8.5.0-28.el8_10.alma.1.x86_64 1756209600 331991 installed
DEBUG util.py:537:  cpio-2.12-11.el8.x86_64 1650302345 967857 installed
DEBUG util.py:537:  libpkgconf-1.4.2-1.el8.x86_64 1570949856 68093 installed
DEBUG util.py:537:  pkgconf-pkg-config-1.4.2-1.el8.x86_64 1570949856 3094 installed
DEBUG util.py:537:  gawk-4.2.1-4.el8.x86_64 1650297393 2700342 installed
DEBUG util.py:537:  libtool-ltdl-2.4.6-25.el8.x86_64 1570806649 71434 installed
DEBUG util.py:537:  ncurses-6.1-10.20180224.el8.x86_64 1697309698 589460 installed
DEBUG util.py:537:  coreutils-8.30-21.el8_10.x86_64 1790075098 6082824 installed
DEBUG util.py:537:  libdb-5.3.28-42.el8_4.x86_64 1632242311 1903352 installed
DEBUG util.py:537:  libtirpc-1.1.4-12.el8_10.x86_64 1719951959 228758 installed
DEBUG util.py:537:  libmount-2.32.1-48.el8_10.x86_64 1770236304 398282 installed
DEBUG util.py:537:  libnsl2-1.2.0-2.20180605git4a062cf.el8.x86_64 1571070958 147122 installed
DEBUG util.py:537:  platform-python-3.6.8-78.el8_10.alma.1.x86_64 1787067575 41222 installed
DEBUG util.py:537:  binutils-2.30-128.el8_10.x86_64 1766067698 24836755 installed
DEBUG util.py:537:  cracklib-2.9.6-15.el8.x86_64 1570841236 239047 installed
DEBUG util.py:537:  shadow-utils-2:4.6-23.el8_10.x86_64 1766065866 4072286 installed
DEBUG util.py:537:  tpm2-tss-2.3.2-6.el8.x86_64 1712406564 1209206 installed
DEBUG util.py:537:  libpwquality-1.4.4-6.el8.x86_64 1680373457 396846 installed
DEBUG util.py:537:  libusbx-1.0.30-1.el8_10.x86_64 1783522922 181119 installed
DEBUG util.py:537:  libbabeltrace-1.5.4-4.el8.x86_64 1665410259 546491 installed
DEBUG util.py:537:  cyrus-sasl-lib-2.1.27-6.el8_5.x86_64 1645647246 726138 installed
DEBUG util.py:537:  libdb-utils-5.3.28-42.el8_4.x86_64 1632242311 369615 installed
DEBUG util.py:537:  npth-1.5-4.el8.x86_64 1571000973 47909 installed
DEBUG util.py:537:  libatomic_ops-7.6.2-3.el8.x86_64 1570924675 76822 installed
DEBUG util.py:537:  guile-5:2.0.14-7.el8.x86_64 1570929621 12159798 installed
DEBUG util.py:537:  libssh-config-0.9.6-17.el8_10.noarch 1788335379 277 installed
DEBUG util.py:537:  libcurl-7.61.1-34.el8_10.13.x86_64 1787236433 601864 installed
DEBUG util.py:537:  rpm-libs-4.14.3-32.el8_10.x86_64 1734408670 743680 installed
DEBUG util.py:537:  efi-srpm-macros-3-3.el8.noarch 1617878303 39226 installed
DEBUG util.py:537:  rpm-build-libs-4.14.3-32.el8_10.x86_64 1734408670 216152 installed
DEBUG util.py:537:  kernel-headers-4.18.0-553.169.1.el8_10.x86_64 1790602767 5653931 installed
DEBUG util.py:537:  glibc-devel-2.28-251.el8_10.40.x86_64 1784646418 240562 installed
DEBUG util.py:537:  gcc-8.5.0-28.el8_10.alma.1.x86_64 1756209600 61717609 installed
DEBUG util.py:537:  gcc-plugin-annobin-8.5.0-28.el8_10.alma.1.x86_64 1756209600 49392 installed
DEBUG util.py:537:  rpm-build-4.14.3-32.el8_10.x86_64 1734408670 299106 installed
DEBUG util.py:537:  epel-rpm-macros-8-43.noarch 1746898529 31711 installed
DEBUG util.py:537:  which-2.21-21.el8_10.x86_64 1756198485 83404 installed
DEBUG util.py:537:  emacs-filesystem-1:26.1-15.el8_10.noarch 1752573774 0 installed
DEBUG util.py:537:  cmake-filesystem-3.26.5-2.el8.x86_64 1712347762 0 installed
DEBUG util.py:537:  xz-devel-5.2.4-4.el8_6.x86_64 1655211822 206470 installed
DEBUG util.py:537:  pcre2-utf16-10.32-3.el8_6.x86_64 1659456464 599854 installed
DEBUG util.py:537:  openssh-8.0p1-33.el8_10.x86_64 1789995397 1944880 installed
DEBUG util.py:537:  lmdb-libs-0.9.24-2.el8.x86_64 1680387369 103585 installed
DEBUG util.py:537:  openssh-clients-8.0p1-33.el8_10.x86_64 1789995397 2577851 installed
DEBUG util.py:537:  git-core-2.43.7-1.el8_10.x86_64 1753254117 33353791 installed
DEBUG util.py:537:  groff-base-1.22.3-18.el8.x86_64 1570976990 4274302 installed
DEBUG util.py:537:  perl-Digest-MD5-2.55-396.el8.x86_64 1570955939 56718 installed
DEBUG util.py:537:  perl-libnet-3.11-3.el8.noarch 1570999891 277134 installed
DEBUG util.py:537:  perl-Pod-Escapes-1:1.07-395.el8.noarch 1570967377 25763 installed
DEBUG util.py:537:  perl-Time-Local-1:1.280-1.el8.noarch 1570972329 59906 installed
DEBUG util.py:537:  perl-IO-Socket-SSL-2.066-4.module_el8.6.0+2811+fe6c84b0.noarch 1650651986 618704 installed
DEBUG util.py:537:  perl-Term-ANSIColor-4.06-396.el8.noarch 1570969691 89627 installed
DEBUG util.py:537:  perl-File-Temp-0.230.600-1.el8.noarch 1570958419 164723 installed
DEBUG util.py:537:  perl-Pod-Simple-1:3.35-395.el8.noarch 1570967776 543719 installed
DEBUG util.py:537:  perl-Pod-Perldoc-3.28-396.el8.noarch 1570967638 169228 installed
DEBUG util.py:537:  perl-Pod-Usage-4:1.69-395.el8.noarch 1570967839 49720 installed
DEBUG util.py:537:  perl-Storable-1:3.11-3.el8.x86_64 1570969971 221861 installed
DEBUG util.py:537:  perl-Errno-0:1.28-423.el8_10.1.x86_64 1789371166 9508 installed
DEBUG util.py:537:  perl-Encode-4:2.97-3.el8.x86_64 1570956379 10200695 installed
DEBUG util.py:537:  perl-Exporter-5.72-396.el8.noarch 1570956723 55718 installed
DEBUG util.py:537:  perl-Scalar-List-Utils-3:1.49-2.el8.x86_64 1570969561 124632 installed
DEBUG util.py:537:  perl-macros-4:5.26.3-423.el8_10.1.x86_64 1789371166 5184 installed
DEBUG util.py:537:  perl-Unicode-Normalize-1.25-396.el8.x86_64 1570974527 637517 installed
DEBUG util.py:537:  perl-IO-0:1.38-423.el8_10.1.x86_64 1789371166 139215 installed
DEBUG util.py:537:  perl-constant-1.33-396.el8.noarch 1570974903 27103 installed
DEBUG util.py:537:  perl-threads-shared-1.58-2.el8.x86_64 1570981103 78170 installed
DEBUG util.py:537:  autoconf-2.69-29.el8_10.1.noarch 1723577839 2323149 installed
DEBUG util.py:537:  perl-TermReadKey-2.37-7.el8.x86_64 1570971591 66205 installed
DEBUG util.py:537:  git-2.43.7-1.el8_10.x86_64 1753254117 87938 installed
DEBUG util.py:537:  automake-1.16.1-8.el8.noarch 1697314601 1806387 installed
DEBUG util.py:537:  lmdb-devel-0.9.24-2.el8.x86_64 1680387369 74247 installed
DEBUG util.py:537:  libxml2-devel-2.9.7-21.el8_10.9.x86_64 1790267723 9203799 installed
DEBUG util.py:537:  libcurl-devel-7.61.1-34.el8_10.13.x86_64 1787236433 1332953 installed
DEBUG util.py:537:  gpg-pubkey-3abb34f8-5ffd890e 1610451214 0 installed
DEBUG util.py:537:  gpg-pubkey-2f86d6a1-5cf7cefb 1559744251 0 installed
DEBUG util.py:537:  python-srpm-macros-3-45.el8.noarch 1684241739 6093 installed
DEBUG util.py:537:  python-rpm-macros-3-45.el8.noarch 1684241739 4325 installed
DEBUG util.py:537:  python3-pip-wheel-9.0.3-24.el8.noarch 1712410870 897991 installed
DEBUG util.py:537:  setup-2.12.2-9.el8.noarch 1680380140 724747 installed
DEBUG util.py:537:  basesystem-11-5.el8.noarch 1570798431 0 installed
DEBUG util.py:537:  fpc-srpm-macros-1.3-1.el8.noarch 1591557879 144 installed
DEBUG util.py:537:  rust-srpm-macros-5-2.el8.noarch 1571041961 1131 installed
DEBUG util.py:537:  perl-srpm-macros-1-25.el8.noarch 1570976318 794 installed
DEBUG util.py:537:  ocaml-srpm-macros-5-4.el8.noarch 1571041863 737 installed
DEBUG util.py:537:  ghc-srpm-macros-1.4.2-7.el8.noarch 1571008156 414 installed
DEBUG util.py:537:  publicsuffix-list-dafsa-20180723-1.el8.noarch 1573807861 64502 installed
DEBUG util.py:537:  ncurses-base-6.1-10.20180224.el8.noarch 1697309544 290089 installed
DEBUG util.py:537:  libselinux-2.9-11.el8_10.x86_64 1770733600 173176 installed
DEBUG util.py:537:  ncurses-libs-6.1-10.20180224.el8.x86_64 1697309698 955832 installed
DEBUG util.py:537:  glibc-common-2.28-251.el8_10.40.x86_64 1784646418 7997172 installed
DEBUG util.py:537:  bash-4.4.20-6.el8_10.x86_64 1756198277 6865564 installed
DEBUG util.py:537:  zlib-1.2.11-25.el8.x86_64 1697061746 199959 installed
DEBUG util.py:537:  bzip2-libs-1.0.6-28.el8_10.x86_64 1738028339 75061 installed
DEBUG util.py:537:  gmp-1:6.1.2-11.el8.x86_64 1716472916 766316 installed
DEBUG util.py:537:  libstdc++-8.5.0-28.el8_10.alma.1.x86_64 1756209600 1935540 installed
DEBUG util.py:537:  libzstd-1.4.4-1.el8.x86_64 1597790682 698061 installed
DEBUG util.py:537:  mpfr-3.1.6-1.el8.x86_64 1570879690 612625 installed
DEBUG util.py:537:  sqlite-libs-3.26.0-21.el8_10.x86_64 1787576296 1166537 installed
DEBUG util.py:537:  popt-1.18-1.el8.x86_64 1617942835 126618 installed
DEBUG util.py:537:  libcom_err-1.45.6-7.el8_10.x86_64 1759821952 61393 installed
DEBUG util.py:537:  chkconfig-1.19.2-1.el8.x86_64 1697323688 827758 installed
DEBUG util.py:537:  libffi-3.1-24.el8.x86_64 1680332000 53844 installed
DEBUG util.py:537:  lua-libs-5.3.4-12.el8.x86_64 1633756479 247888 installed
DEBUG util.py:537:  libidn2-2.2.0-1.el8.x86_64 1573743877 253706 installed
DEBUG util.py:537:  file-libs-5.33-27.el8_10.x86_64 1759818650 6385855 installed
DEBUG util.py:537:  file-5.33-27.el8_10.x86_64 1759818650 93427 installed
DEBUG util.py:537:  unzip-6.0-48.el8_10.x86_64 1748916613 424061 installed
DEBUG util.py:537:  elfutils-default-yama-scope-0.190-2.el8.alma.1.noarch 1756126725 1810 installed
DEBUG util.py:537:  expat-2.5.0-4.el8_10.x86_64 1790598099 367928 installed
DEBUG util.py:537:  keyutils-libs-1.5.10-9.el8.x86_64 1633701057 43766 installed
DEBUG util.py:537:  audit-libs-3.1.2-1.el8_10.1.x86_64 1752572522 308530 installed
DEBUG util.py:537:  p11-kit-trust-0.23.22-2.el8.x86_64 1712412985 483265 installed
DEBUG util.py:537:  pcre-8.42-6.el8.x86_64 1633720673 509819 installed
DEBUG util.py:537:  xz-5.2.4-4.el8_6.x86_64 1655211822 424234 installed
DEBUG util.py:537:  gdbm-1:1.18-2.el8.x86_64 1665235333 389593 installed
DEBUG util.py:537:  zip-3.0-23.el8.x86_64 1570799464 842877 installed
DEBUG util.py:537:  cpp-8.5.0-28.el8_10.alma.1.x86_64 1756209600 29645334 installed
DEBUG util.py:537:  libassuan-2.5.1-3.el8.x86_64 1570877556 202763 installed
DEBUG util.py:537:  dwz-0.12-10.el8.x86_64 1633749969 230263 installed
DEBUG util.py:537:  zstd-1.4.4-1.el8.x86_64 1597790682 1538890 installed
DEBUG util.py:537:  nettle-3.4.1-7.el8.x86_64 1633731140 572241 installed
DEBUG util.py:537:  isl-0.16.1-6.el8.x86_64 1571012373 3270833 installed
DEBUG util.py:537:  bzip2-1.0.6-28.el8_10.x86_64 1738028339 92004 installed
DEBUG util.py:537:  diffutils-3.6-6.el8.x86_64 1588605339 1655492 installed
DEBUG util.py:537:  brotli-1.0.6-4.el8_10.x86_64 1770734804 1522164 installed
DEBUG util.py:537:  libnghttp2-1.33.0-6.el8_10.3.x86_64 1786993454 168244 installed
DEBUG util.py:537:  pkgconf-1.4.2-1.el8.x86_64 1570949856 63271 installed
DEBUG util.py:537:  libsigsegv-2.11-5.el8.x86_64 1570817728 47034 installed
DEBUG util.py:537:  libsmartcols-2.32.1-48.el8_10.x86_64 1770236304 248450 installed
DEBUG util.py:537:  libverto-0.3.2-2.el8.x86_64 1665215383 26797 installed
DEBUG util.py:537:  openssl-libs-1:1.1.1k-17.el8_6.x86_64 1783952062 3778586 installed
DEBUG util.py:537:  ca-certificates-2025.2.80_v9.0.304-80.2.el8_10.noarch 1761835024 2542496 installed
DEBUG util.py:537:  krb5-libs-1.18.2-34.el8_10.x86_64 1778654070 2242746 installed
DEBUG util.py:537:  libblkid-2.32.1-48.el8_10.x86_64 1770236304 343960 installed
DEBUG util.py:537:  systemd-libs-239-82.el8_10.19.x86_64 1788492791 4698670 installed
DEBUG util.py:537:  platform-python-setuptools-39.2.0-9.el8_10.noarch 1752570848 2916767 installed
DEBUG util.py:537:  python3-libs-3.6.8-78.el8_10.alma.1.x86_64 1787067575 32475673 installed
DEBUG util.py:537:  gzip-1.9-15.el8_10.x86_64 1788965583 352342 installed
DEBUG util.py:537:  cracklib-dicts-2.9.6-15.el8.x86_64 1570841236 9815016 installed
DEBUG util.py:537:  libutempter-1.1.6-14.el8.x86_64 1570840217 52637 installed
DEBUG util.py:537:  ima-evm-utils-1.3.2-12.el8.x86_64 1617896657 137650 installed
DEBUG util.py:537:  pam-1.3.1-40.el8_10.x86_64 1787058772 2654567 installed
DEBUG util.py:537:  glib2-2.56.4-178.el8_10.x86_64 1789061275 12280664 installed
DEBUG util.py:537:  libfdisk-2.32.1-48.el8_10.x86_64 1770236304 438882 installed
DEBUG util.py:537:  openldap-2.4.46-21.el8_10.x86_64 1741686291 1006691 installed
DEBUG util.py:537:  libarchive-3.3.3-7.el8_10.x86_64 1776367872 838287 installed
DEBUG util.py:537:  gnupg2-2.2.20-4.el8_10.x86_64 1768528180 9919099 installed
DEBUG util.py:537:  gc-7.6.4-3.el8.x86_64 1570929026 229024 installed
DEBUG util.py:537:  libipt-1.6.1-8.el8.x86_64 1576743441 166831 installed
DEBUG util.py:537:  libssh-0.9.6-17.el8_10.x86_64 1788289886 526103 installed
DEBUG util.py:537:  curl-7.61.1-34.el8_10.13.x86_64 1787236433 701120 installed
DEBUG util.py:537:  rpm-4.14.3-32.el8_10.x86_64 1734408670 2087838 installed
DEBUG util.py:537:  lua-srpm-macros-1-13.el8.noarch 1707738739 1367 installed
DEBUG util.py:537:  gdb-headless-8.2-20.el8.x86_64 1697051416 11909961 installed
DEBUG util.py:537:  glibc-headers-2.28-251.el8_10.40.x86_64 1784646418 2031720 installed
DEBUG util.py:537:  libxcrypt-devel-4.1.1-6.el8.x86_64 1633752252 24771 installed
DEBUG util.py:537:  annobin-13.27-1.el8_10.x86_64 1788861547 828010 installed
DEBUG util.py:537:  redhat-rpm-config-131-1.el8.alma.noarch 1680773284 157410 installed
DEBUG util.py:537:  gcc-c++-8.5.0-28.el8_10.alma.1.x86_64 1756209600 32191691 installed
DEBUG util.py:537:  util-linux-2.32.1-48.el8_10.x86_64 1770236304 11576507 installed
DEBUG util.py:537:  make-1:4.2.1-11.el8.x86_64 1650299955 1436328 installed
DEBUG util.py:537:  yajl-2.1.0-12.el8.x86_64 1697289444 82738 installed
DEBUG util.py:537:  zlib-devel-1.2.11-25.el8.x86_64 1697061746 141078 installed
DEBUG util.py:537:  pcre2-utf32-10.32-3.el8_6.x86_64 1659456464 583438 installed
DEBUG util.py:537:  openssl-1:1.1.1k-17.el8_6.x86_64 1783952062 1185640 installed
DEBUG util.py:537:  m4-1.4.18-7.el8.x86_64 1570804911 379304 installed
DEBUG util.py:537:  libedit-3.1-23.20170329cvs.el8.x86_64 1570877654 247168 installed
DEBUG util.py:537:  less-530-3.el8_10.x86_64 1719951038 328474 installed
DEBUG util.py:537:  git-core-doc-2.43.7-1.el8_10.noarch 1753195393 14704688 installed
DEBUG util.py:537:  perl-Digest-1.17-395.el8.noarch 1570955296 26684 installed
DEBUG util.py:537:  perl-Data-Dumper-2.167-399.el8.x86_64 1570953565 106522 installed
DEBUG util.py:537:  perl-URI-1.73-3.el8.noarch 1573658335 216452 installed
DEBUG util.py:537:  perl-IO-Socket-IP-0.39-5.el8.noarch 1570961507 99525 installed
DEBUG util.py:537:  perl-Mozilla-CA-20160104-7.module_el8.5.0+2812+ed912d05.noarch 1650649450 5714 installed
DEBUG util.py:537:  perl-Net-SSLeay-1.88-2.module_el8.6.0+2811+fe6c84b0.x86_64 1650648167 1329463 installed
DEBUG util.py:537:  perl-Term-Cap-1.17-395.el8.noarch 1570969761 29850 installed
DEBUG util.py:537:  perl-HTTP-Tiny-0.074-3.el8.noarch 1712407881 149711 installed
DEBUG util.py:537:  perl-podlators-4.11-1.el8.noarch 1570975956 287639 installed
DEBUG util.py:537:  perl-Text-ParseWords-3.30-395.el8.noarch 1570971722 13101 installed
DEBUG util.py:537:  perl-MIME-Base64-3.15-396.el8.x86_64 1570964945 41435 installed
DEBUG util.py:537:  perl-Getopt-Long-1:2.50-4.el8.noarch 1570959003 139724 installed
DEBUG util.py:537:  perl-Socket-4:2.027-3.el8.x86_64 1574149783 124014 installed
DEBUG util.py:537:  perl-Carp-1.42-396.el8.noarch 1570950374 41850 installed
DEBUG util.py:537:  perl-libs-4:5.26.3-423.el8_10.1.x86_64 1789371166 6103005 installed
DEBUG util.py:537:  perl-parent-1:0.237-1.el8.noarch 1570975781 9187 installed
DEBUG util.py:537:  perl-Text-Tabs+Wrap-2013.0523-395.el8.noarch 1571071842 24825 installed
DEBUG util.py:537:  perl-File-Path-2.15-2.el8.noarch 1570958008 64920 installed
DEBUG util.py:537:  perl-PathTools-3.74-1.el8.x86_64 1570968071 182821 installed
DEBUG util.py:537:  perl-threads-1:2.21-2.el8.x86_64 1570980992 109155 installed
DEBUG util.py:537:  perl-interpreter-4:5.26.3-423.el8_10.1.x86_64 1789371166 14385490 installed
DEBUG util.py:537:  perl-Error-1:0.17025-2.el8.noarch 1571067041 71562 installed
DEBUG util.py:537:  perl-Git-2.43.7-1.el8_10.noarch 1753195393 66682 installed
DEBUG util.py:537:  perl-Thread-Queue-3.13-1.el8.noarch 1570972090 29787 installed
DEBUG util.py:537:  libtool-2.4.6-25.el8.x86_64 1570806649 2687507 installed
DEBUG util.py:537:  pcre2-devel-10.32-3.el8_6.x86_64 1659456464 1922619 installed
DEBUG util.py:537:  yajl-devel-2.1.0-12.el8.x86_64 1697289444 27220 installed
DEBUG util.py:688:  Child return code was: 0
DEBUG util.py:200:  kill orphans in chroot /var/lib/mock/alma+epel-8-x86_64/root
DEBUG util.py:200:  kill orphans in chroot /var/lib/mock/alma+epel-8-x86_64-bootstrap/root/var/lib/mock/alma+epel-8-x86_64/root
DEBUG util.py:717:  child environment: None
DEBUG util.py:636:  Executing command: ['/bin/umount', '-n', '-l', '/var/lib/mock/alma+epel-8-x86_64-bootstrap/root/var/lib/mock/alma+epel-8-x86_64/root'] with env {'TERM': 'vt100', 'SHELL': '/bin/sh', 'HOME': '/builddir', 'HOSTNAME': 'mock', 'PATH': '/usr/bin:/bin:/usr/sbin:/sbin', 'LANG': 'C.UTF-8'} and shell False
DEBUG util.py:688:  Child return code was: 0
DEBUG util.py:717:  child environment: None
DEBUG util.py:636:  Executing command: ['/bin/umount', '-n', '-l', '/var/lib/mock/alma+epel-8-x86_64-bootstrap/root/var/lib/mock/alma+epel-8-x86_64/root'] with env {'TERM': 'vt100', 'SHELL': '/bin/sh', 'HOME': '/builddir', 'HOSTNAME': 'mock', 'PATH': '/usr/bin:/bin:/usr/sbin:/sbin', 'LANG': 'C.UTF-8'} and shell False
DEBUG util.py:688:  Child return code was: 0
DEBUG util.py:717:  child environment: None
DEBUG backend.py:763:  Copying packages to result dir
DEBUG util.py:200:  kill orphans in chroot /var/lib/mock/alma+epel-8-x86_64/root
DEBUG util.py:717:  child environment: None
DEBUG util.py:636:  Executing command: ['/bin/umount', '-n', '/var/lib/mock/alma+epel-8-x86_64/root/root/mock-localrepo'] with env {'TERM': 'vt100', 'SHELL': '/bin/sh', 'HOME': '/builddir', 'HOSTNAME': 'mock', 'PATH': '/usr/bin:/bin:/usr/sbin:/sbin', 'LANG': 'C.UTF-8'} and shell False
DEBUG util.py:688:  Child return code was: 0
DEBUG util.py:717:  child environment: None
DEBUG util.py:636:  Executing command: ['/bin/umount', '-n', '/var/lib/mock/alma+epel-8-x86_64/root/var/cache/dnf'] with env {'TERM': 'vt100', 'SHELL': '/bin/sh', 'HOME': '/builddir', 'HOSTNAME': 'mock', 'PATH': '/usr/bin:/bin:/usr/sbin:/sbin', 'LANG': 'C.UTF-8'} and shell False
DEBUG util.py:688:  Child return code was: 0
DEBUG util.py:717:  child environment: None
DEBUG util.py:636:  Executing command: ['/bin/umount', '-n', '/var/lib/mock/alma+epel-8-x86_64/root/var/cache/yum'] with env {'TERM': 'vt100', 'SHELL': '/bin/sh', 'HOME': '/builddir', 'HOSTNAME': 'mock', 'PATH': '/usr/bin:/bin:/usr/sbin:/sbin', 'LANG': 'C.UTF-8'} and shell False
DEBUG util.py:688:  Child return code was: 0
DEBUG util.py:200:  kill orphans in chroot /var/lib/mock/alma+epel-8-x86_64-bootstrap/root
DEBUG util.py:717:  child environment: None
DEBUG util.py:636:  Executing command: ['/bin/umount', '-n', '/var/lib/mock/alma+epel-8-x86_64-bootstrap/root/root/mock-localrepo'] with env {'TERM': 'vt100', 'SHELL': '/bin/sh', 'HOME': '/builddir', 'HOSTNAME': 'mock', 'PATH': '/usr/bin:/bin:/usr/sbin:/sbin', 'LANG': 'C.UTF-8'} and shell False
DEBUG util.py:688:  Child return code was: 0
DEBUG util.py:717:  child environment: None
DEBUG util.py:636:  Executing command: ['/bin/umount', '-n', '/var/lib/mock/alma+epel-8-x86_64-bootstrap/root/var/cache/dnf'] with env {'TERM': 'vt100', 'SHELL': '/bin/sh', 'HOME': '/builddir', 'HOSTNAME': 'mock', 'PATH': '/usr/bin:/bin:/usr/sbin:/sbin', 'LANG': 'C.UTF-8'} and shell False
DEBUG util.py:688:  Child return code was: 0
DEBUG util.py:717:  child environment: None
DEBUG util.py:636:  Executing command: ['/bin/umount', '-n', '/var/lib/mock/alma+epel-8-x86_64-bootstrap/root/var/cache/yum'] with env {'TERM': 'vt100', 'SHELL': '/bin/sh', 'HOME': '/builddir', 'HOSTNAME': 'mock', 'PATH': '/usr/bin:/bin:/usr/sbin:/sbin', 'LANG': 'C.UTF-8'} and shell False
DEBUG util.py:688:  Child return code was: 0
